0,1
ニンニク,にんにく
割りばし,わりばし
替え玉,かえだま
味玉,あじたま
煎餅,せんべい
筋肉,きんにく
動物,どうぶつ
日本酒,にほんしゅ
卍,まんじ
カブトムシ,かぶとむし
特異点,とくいてん
天使,てんし
紫陽花,あじさい
キュート,きゅーと
プリティ,ぷりてぃ
ラブリー,らぶりー
スイート,すいーと
ファンシー,ふぁんしー
ガーリー,がーりー
ドリーミー,どりーみー
メルヘン,めるへん
ポップ,ぽっぷ
カラフル,からふる
なでなで,なでなで
よしよし,よしよし
ふわふわ,ふわふわ
もこもこ,もこもこ
きらきら,きらきら
ちゅるん,ちゅるん
つやつや,つやつや
ぷるぷる,ぷるぷる
もちもち,もちもち
ぽかぽか,ぽかぽか
ほっこり,ほっこり
にこにこ,にこにこ
きゅん,きゅん
うるうる,うるうる
つぶら,つぶら
あどけない,あどけない
無邪気,むじゃき
可憐,かれん
愛らしい,あいらしい
ちっちゃい,ちっちゃい
ふっくら,ふっくら
つるつる,つるつる
すべすべ,すべすべ
ぷにぷに,ぷにぷに
ぽっちゃり,ぽっちゃり
ころころ,ころころ
てくてく,てくてく
よちよち,よちよち
くるくる,くるくる
ふわっと,ふわっと
きゅっと,きゅっと
ちゅっと,ちゅっと
ぴょこっと,ぴょこっと
ほわほわ,ほわほわ
きゅるるん,きゅるるん
うるるん,うるるん
つるるん,つるるん
ぽよぽよ,ぽよぽよ
もふもふ,もふもふ
ぴかぴか,ぴかぴか
きゅるる,きゅるる
つんつん,つんつん
デコ,でこ
ぷっくり,ぷっくり
おめめ,おめめ
お鼻,おはな
お口,おくち
お手て,おてて
あんよ,あんよ
しっぽ,しっぽ
お耳,おみみ
ほっぺ,ほっぺ
おへそ,おへそ
おしり,おしり
おなか,おなか
おてんば,おてんば
やんちゃ,やんちゃ
いたずら,いたずら
ひよこ,ひよこ
こねこ,こねこ
こいぬ,こいぬ
うさぎ,うさぎ
パンダ,ぱんだ
くま,くま
りす,りす
ペンギン,ぺんぎん
アザラシ,あざらし
妖精,ようせい
お姫様,おひめさま
王子様,おうじさま
おもちゃ,おもちゃ
ぬいぐるみ,ぬいぐるみ
マスコット,ますこっと
キャンディ,きゃんでぃ
クッキー,くっきー
ケーキ,けーき
ドーナツ,どーなつ
マカロン,まかろん
ジェラート,じぇらーと
パステル,ぱすてる
リボン,りぼん
フリル,ふりる
レース,れーす
ドット,どっと
チェック,ちぇっく
ストライプ,すとらいぷ
ハート,はーと
星,ほし
花,はな
小鳥,ことり
虹,にじ
綿菓子,わたがし
夢見る,ゆめみる
きゅるん,きゅるん
ぽてぽて,ぽてぽて
もぐもぐ,もぐもぐ
とろける,とろける
覚醒,かくせい
超越,ちょうえつ
疾風,しっぷう
迅雷,じんらい
閃光,せんこう
覇者,はしゃ
王者,おうじゃ
英雄,えいゆう
伝説,でんせつ
孤高,ここう
不動,ふどう
不動心,ふどうしん
至高,しこう
絶頂,ぜっちょう
無限,むげん
永劫,えいごう
宿命,しゅくめい
運命,うんめい
真髄,しんずい
極致,きょくち
絶対,ぜったい
不屈,ふくつ
鋼鉄,こうてつ
堅牢,けんろう
堅固,けんご
精鋭,せいえい
神髄,しんずい
真理,しんり
叡智,えいち
深遠,しんえん
神秘,しんぴ
漆黒,しっこく
白銀,はくぎん
黄金,おうごん
深紅,しんく
蒼穹,そうきゅう
虚空,こくう
宇宙,うちゅう
銀河,ぎんが
星辰,せいしん
惑星,わくせい
光速,こうそく
彗星,すいせい
流星,りゅうせい
黎明,れいめい
暁,あかつき
黄昏,たそがれ
夜明け,よあけ
終焉,しゅうえん
創世,そうせい
開闢,かいびゃく
新生,しんせい
革命,かくめい
変革,へんかく
進化,しんか
飛躍,ひやく
躍動,やくどう
鼓動,こどう
咆哮,ほうこう
疾走,しっそう
躍進,やくしん
突破,とっぱ
決意,けつい
覚悟,かくご
信念,しんねん
矜持,きょうじ
誇り,ほこり
情熱,じょうねつ
闘志,とうし
闘争,とうそう
激闘,げきとう
修羅,しゅら
羅刹,らせつ
修練,しゅうれん
鍛錬,たんれん
研鑽,けんさん
無双,むそう
竜頭,りゅうず
鳳凰,ほうおう
麒麟,きりん
猛威,もうい
震撼,しんかん
圧倒,あっとう
驚異,きょうい
奇跡,きせき
夢幻,むげん
幻影,げんえい
刹那,せつな
瞬刻,しゅんこく
至宝,しほう
秘宝,ひほう
聖剣,せいけん
魔剣,まけん
神槍,しんそう
聖杯,せいはい
異形,いぎょう
奇巌,きがん
絶景,ぜっけい
深淵,しんえん
峻厳,しゅんげん
崇高,すうこう
壮麗,そうれい
威風,いふう
堂々,どうどう
厳粛,げんしゅく
精悍,せいかん
無骨,ぶこつ
孤影,こえい
影武者,かげむしゃ
修羅場,しゅらば
突破口,とっぱこう
先駆者,せんくしゃ
求道者,ぐどうしゃ
波動,はどう
共鳴,きょうめい
残像,ざんぞう
軌跡,きせき
螺旋,らせん
光輪,こうりん
聖域,せいいき
結界,けっかい
封印,ふういん
解放,かいほう
洗練,せんれん
優雅,ゆうが
繊細,せんさい
煌めき,きらめき
麗しい,うるわしい
瀟洒,しょうしゃ
粋,いき
雅,みやび
風雅,ふうが
典雅,てんが
優美,ゆうび
華麗,かれい
絢爛,けんらん
幻想,げんそう
魅惑,みわく
憧憬,どうけい
耽美,たんび
静謐,せいひつ
穏やか,おだやか
安らぎ,やすらぎ
癒し,いやし
温もり,ぬくもり
心地よい,ここちよい
煌びやか,きらびやか
艶やか,つややか
麗人,れいじん
佳人,かじん
淑女,しゅくじょ
紳士,しんし
知性,ちせい
感性,かんせい
創造,そうぞう
革新,かくしん
独創,どくそう
個性,こせい
上質,じょうしつ
極上,ごくじょう
至福,しふく
悠久,ゆうきゅう
永遠,えいえん
瞬き,またたき
木漏れ日,こもれび
陽だまり,ひだまり
そよ風,そよかぜ
せせらぎ,せせらぎ
木立ち,こだち
小径,こみち
古都,こと
詩的,してき
絵画的,かいがてき
神秘的,しんぴてき
エレガント,えれがんと
シック,しっく
モダン,もだん
クラシック,くらしっく
リュクス,りゅくす
エッセンス,えっせんす
ハーモニー,はーもにー
メロディ,めろでぃ
パノラマ,ぱのらま
オアシス,おあしす
アトリエ,あとりえ
ギャラリー,ぎゃらりー
ブティック,ぶてぃっく
カフェ,かふぇ
ビストロ,びすとろ
テラス,てらす
バルコニー,ばるこにー
ファサード,ふぁさーど
シルエット,しるえっと
デリケート,でりけーと
フレッシュ,ふれっしゅ
クリア,くりあ
ピュア,ぴゅあ
ナチュラル,なちゅらる
シンプル,しんぷる
ミニマル,みにまる
まぐろ,まぐろ
サーモン,さーもん
たい,たい
いか,いか
たこ,たこ
えび,えび
あじ,あじ
さば,さば
こはだ,こはだ
ほたて,ほたて
あなご,あなご
うなぎ,うなぎ
いくら,いくら
うに,うに
たまご,たまご
かんぱち,かんぱち
ぶり,ぶり
ひらめ,ひらめ
えんがわ,えんがわ
甘えび,あまえび
赤貝,あかがい
つぶ貝,つぶがい
ほっき貝,ほっきがい
とり貝,とりがい
かに,かに
数の子,かずのこ
ねぎとろ,ねぎとろ
鉄火巻き,てっかまき
かっぱ巻き,かっぱまき
いなり,いなり
軍艦,ぐんかん
とろ,とろ
中とろ,ちゅうとろ
大とろ,おおとろ
赤身,あかみ
中落ち,なかおち
白身,しろみ
光物,ひかりもの
貝類,かいるい
青魚,あおざかな
蒸しえび,むしえび
ぼたんえび,ぼたんえび
車えび,くるまえび
かにみそ,かにみそ
しらす,しらす
とびこ,とびこ
〆さば,しめさば
あわび,あわび
みる貝,みるがい
いわし,いわし
さんま,さんま
かつお,かつお
金目鯛,きんめだい
のどぐろ,のどぐろ
歯ブラシ,はぶらし
ミキサー,みきさー
ジューサー,じゅーさー
除湿機,じょしつき
加湿器,かしつき
扇風機,せんぷうき
アイロン,あいろん
冷蔵庫,れいぞうこ
洗濯機,せんたくき
エアコン,えあこん
炊飯器,すいはんき
掃除機,そうじき
テレビ,てれび
ドライヤー,どらいやー
スピーカー,すぴーかー
パソコン,ぱそこん
プリンター,ぷりんたー
モニター,もにたー
タブレット,たぶれっと
ヘッドホン,へっどほん
イヤホン,いやほん
毛布,もうふ
こたつ,こたつ
ストーブ,すとーぶ
ルーター,るーたー
箒,ほうき
英単語,えいたんご
大人買い,おとながい
大人しい,おとなしい
可愛い,かわいい
可哀想,かわいそう
小さい,ちいさい
大きい,おおきい
巨大,きょだい
赤ちゃん,あかちゃん
赤い,あかい
青い,あおい
黄色い,きいろい
茶色い,ちゃいろい
黒い,くろい
白い,しろい
注意,ちゅうい
美味しい,おいしい
不味い,まずい
うるさい,うるさい
静か,しずか
大好き,だいすき
ラーメン,らーめん
ゲーム,げーむ
パスタ,ぱすた
寿司,すし
天ぷら,てんぷら
おにぎり,おにぎり
お茶,おちゃ
お菓子,おかし
弁当,べんとう
名乗り,なのり
繰り返し,くりかえし
送る,おくる
貰う,もらう
あげる,あげる
クレヨン,くれよん
アイドル,あいどる
ヒーロー,ひーろー
コンパス,こんぱす
ピース,ぴーす
沖縄,おきなわ
鹿児島,かごしま
佐賀,さが
福岡,ふくおか
長崎,ながさき
熊本,くまもと
宮崎,みやざき
大分,おおいた
広島,ひろしま
山口,やまぐち
岡山,おかやま
島根,しまね
鳥取,とっとり
香川,かがわ
高知,こうち
愛媛,えひめ
徳島,とくしま
兵庫,ひょうご
京都,きょうと
滋賀,しが
大阪,おおさか
奈良,なら
和歌山,わかやま
福井,ふくい
石川,いしかわ
岐阜,ぎふ
富山,とやま
愛知,あいち
長野,ながの
山梨,やまなし
静岡,しずおか
神奈川,かながわ
新潟,にいがた
群馬,ぐんま
埼玉,さいたま
東京,とうきょう
茨城,いばらき
栃木,とちぎ
千葉,ちば
福島,ふくしま
山形,やまがた
宮城,みやぎ
岩手,いわて
秋田,あきた
青森,あおもり
渋谷,しぶや
中央,ちゅうおう
札幌,さっぽろ
盛岡,もりおか
宇都宮,うつのみや
前橋,まえばし
高崎,たかさき
浅草,あさくさ
池袋,いけぶくろ
上野,うえの
新宿,新宿
品川,しながわ
八王子,はちおうじ
横浜,よこはま
小松,こまつ
金沢,かなざわ
松本,まつもと
名古屋,なごや
大津,おおつ
天王寺,てんのうじ
難波,なんば
梅田,うめだ
浜田,はまだ
岩国,いわくに
高松,たかまつ
ジュース,じゅーす
ジャンプ,じゃんぷ
ボール,ぼーる
小松菜,こまつな
人参,にんじん
蒸しケーキ,むしけーき
お絵かき,おえかき
落書き,らくがき
圧縮,あっしゅく
解答,かいとう
冷凍,れいとう
数学,すうがく
算数,さんすう
算術,さんじゅつ
佐藤,さとう
鈴木,すずき
高橋,たかはし
田中,たなか
伊藤,いとう
渡辺,わたなべ
山本,やまもと
中村,なかむら
小林,こばやし
加藤,かとう
吉田,よしだ
山田,やまだ
佐々木,ささき
井上,いのうえ
木村,きむら
林,はやし
斎藤,さいとう
清水,しみず
山崎,やまざき
池田,いけだ
橋本,はしもと
阿部,あべ
山下,やました
中島,なかじま
石井,いしい
前田,まえだ
岡田,おかだ
長谷川,はせがわ
藤田,ふじた
後藤,ごとう
近藤,こんどう
村上,むらかみ
遠藤,えんどう
青木,あおき
坂本,さかもと
太田,おおた
西村,にしむら
藤井,ふじい
金子,かねこ
岡本,おかもと
藤原,ふじわら
中野,なかの
三浦,みうら
原田,はらだ
中川,なかがわ
松田,まつだ
竹内,たけうち
田村,たむら
中山,なかやま
和田,わだ
石田,いしだ
森田,もりた
上田,うえだ
内田,うちだ
柴田,しばた
田所,たどころ
秋刀魚,さんま
綺麗,きれい
時間,じかん
腕時計,うでどけい
ガラス瓶,がらすびん
燃えるゴミ,もえるごみ
パンケーキ,ぱんけーき
愛育,あいいく
藍色,あいいろ
愛飲,あいいん
合い鍵,あいかぎ
相方,あいかた
哀感,あいかん
哀願,あいがん
愛犬,あいけん
愛顧,あいこ
愛国,あいこく
愛護,あいご
愛妻,あいさい
挨拶,あいさつ
愛想,あいそ
間,あいだ
間柄,あいだがら
あいつ,あいつ
相手,あいて
相手方,あいてかた
愛読,あいどく
間の手,あいのて
相乗り,あいのり
合間,あいま
哀楽,あいらく
亜鉛,あえん
青嵐,あおあらし
青色,あおいろ
青黴,あおかび
青空,あおぞら
青田,あおた
青菜,あおな
青二才,あおにさい
青海苔,あおのり
青葉,あおば
仰向け,あおむけ
青虫,あおむし
青物,あおもの
垢,あか
赤色,あかいろ
赤毛,あかげ
赤子,あかご
赤米,あかごめ
赤錆び,あかさび
証,あかし
赤潮,あかしお
赤土,あかつち
茜,あかね
茜色,あかねいろ
赤旗,あかはた
赤裸,あかはだか
赤松,あかまつ
赤虫,あかむし
赤ら顔,あからがお
明かり,あかり
亜寒帯,あかんたい
上り口,あがりぐち
秋,あき
飽き飽き,あきあき
秋風,あきかぜ
空き缶,あきかん
秋草,あきくさ
秋口,あきぐち
秋雨,あきさめ
空き巣,あきす
空き地,あきち
空き箱,あきばこ
秋晴れ,あきばれ
空き瓶,あきびん
空き家,あきや
呆れ顔,あきれがお
悪,あく
悪意,あくい
悪声,あくせい
悪戦,あくせん
悪態,あくたい
悪玉,あくだま
悪徳,あくとく
悪人,あくにん
あくび,あくび
悪文,あくぶん
悪弊,あくへい
悪癖,あくへき
悪魔,あくま
悪夢,あくむ
悪役,あくやく
あぐら,あぐら
明け方,あけがた
曙,あけぼの
揚げ足,あげあし
上げ下げ,あげさげ
上げ潮,あげしお
揚げ物,あげもの
顎,あご
朝,あさ
朝市,あさいち
朝起き,あさおき
朝顔,あさがお
朝駆け,あさがけ
朝方,あさがた
朝霧,あさぎり
朝げ,あさげ
朝潮,あさしお
浅瀬,あさせ
朝露,あさつゆ
朝凪ぎ,あさなぎ
朝晩,あさばん
朝日,あさひ
浅緑,あさみどり
朝飯,あさめし
朝靄,あさもや
朝焼け,あさやけ
あさり,あさり
字,あざ
あざらし,あざらし
脚,あし
足跡,あしあと
足音,あしおと
海驢,あしか
足掛け,あしかけ
足枷,あしかせ
足型,あしがた
足固め,あしがため
足首,あしくび
足腰,あしこし
足先,あしさき
明日,あす
明日葉,あしたば
足代,あしだい
足止め,あしどめ
足取り,あしどり
足長,あしなが
足並み,あしなみ
足場,あしば
足踏み,あしぶみ
足下,あしもと
足技,あしわざ
汗,あせ
汗疹,あせも
畦,あぜ
校倉,あぜくら
畦道,あぜみち
遊び場,あそびば
価,あたい
私,わたし
頭,あたま
頭打ち,あたまうち
頭金,あたまきん
頭越し,あたまごし
辺り,あたり
仇,あだ
仇討ち,あだうち
徒名,あだな
熱々,あつあつ
圧延,あつえん
厚紙,あつがみ
厚着,あつぎ
厚身,あつみ
軋轢,あつれき
宛て先,あてさき
宛て名,あてな
後,あと
後足,あとあし
後々,あとあと
跡形,あとかた
後書き,あとがき
後釜,あとがま
後先,あとさき
跡地,あとち
跡継ぎ,あとつぎ
跡取り,あととり
後払い,あとばらい
後回し,あとまわし
後戻り,あともどり
穴,あな
穴埋め,あなうめ
穴熊,あなぐま
穴蔵,あなぐら
穴子,あなご
あなた,あなた
穴場,あなば
兄,あに
兄貴,あにき
兄嫁,あによめ
姉,あね
あの世,あのよ
肋骨,あばらぼね
あばら家,あばらや
家鴨,あひる
虻,あぶ
あぶく,あぶく
油,あぶら
油揚げ,あぶらあげ
脂汗,あぶらあせ
油売り,あぶらうり
油絵,あぶらえ
油蝉,あぶらぜみ
油菜,あぶらな
脂身,あぶらみ
油虫,あぶらむし
あほ,あほ
尼,あま
雨脚,あまあし
雨音,あまおと
雨蛙,あまがえる
雨傘,あまがさ
甘口,あまくち
雨具,あまぐ
雨靴,あまぐつ
雨雲,あまぐも
雨乞い,あまごい
甘酒,あまざけ
雨晒し,あまざらし
あまた,あまた
雨垂れ,あまだれ
尼寺,あまでら
雨戸,あまど
天の川,あまのがわ
雨漏り,あまもり
雨宿り,あまやどり
余り,あまり
網,あみ
阿弥陀,あみだ
網棚,あみだな
網戸,あみど
網の目,あみのめ
網目,あみめ
網元,あみもと
編み物,あみもの
雨,あめ
飴色,あめいろ
雨降,あめふらし
菖蒲,あやめ
鮎,あゆ
粗,あら
洗い場,あらいば
荒海,あらうみ
荒稼ぎ,あらかせぎ
粗探し,あらさがし
嵐,あらし
新手,あらて
荒波,あらなみ
荒巻き,あらまき
あらまし,あらまし
荒物,あらもの
霰,あられ
蟻,あり
有り明け,ありあけ
在りか,ありか
有り金,ありがね
有り様,ありさま
在りし日,ありしひ
荒れ地,あれち
荒れ野,あれの
泡,あわ
泡盛,あわもり
暗,あん
暗雲,あんうん
暗記,あんき
案件,あんけん
餡子,あんこ
あんさん,あんさん
安産,あんざん
暗室,あんしつ
安心,あんしん
安息,あんそく
安息日,あんそくび
安打,あんだ
安置,あんち
安定,あんてい
暗転,あんてん
安堵,あんど
行灯,あんどん
案内,あんない
安寧,あんねい
暗躍,あんやく
威圧,いあつ
慰安,いあん
言い種,いいぐさ
言い過ぎ,いいすぎ
言い成り,いいなり
言い値,いいね
言い分,いいぶん
言い訳,いいわけ
医院,いいん
家柄,いえがら
胃液,いえき
家出,いえで
家並み,いえなみ
家元,いえもと
以遠,いえん
庵,いおり
医科,いか
威嚇,いかく
いかさま,いかさま
筏,いかだ
錨,いかり
移管,いかん
毬,いが
遺骸,いがい
医学,いがく
医学部,いがくぶ
鋳型,いがた
依願,いがん
遺棄,いき
生き埋め,いきうめ
生き餌,いきえ
生きがい,いきがい
行き掛け,いきがけ
息切れ,いきぎれ
行き先,いきさき
いきさつ,いきさつ
生き様,いきざま
息継ぎ,いきつぎ
息抜き,いきぬき
息の根,いきのね
生き仏,いきぼとけ
生き物,いきもの
いきれ,いきれ
威儀,いぎ
幾,いく
育英,いくえい
戦,いくさ
行く先,いくさき
育成,いくせい
遺訓,いくん
藺草,いぐさ
池,いけ
畏敬,いけい
生け垣,いけがき
生け簀,いけす
生け贄,いけにえ
生け花,いけばな
意見,いけん
威厳,いげん
異国,いこく
遺骨,いこつ
遺恨,いこん
以後,いご
居心地,いごこち
委細,いさい
諍い,いさかい
遺作,いさく
勇み足,いさみあし
漁り火,いさりび
胃酸,いさん
居酒屋,いざかや
いざこざ,いざこざ
十六夜,いざよい
医師,いし
石臼,いしうす
石おの,いしおの
石垣,いしがき
意識,いしき
石ころ,いしころ
石畳,いしだたみ
石段,いしだん
石橋,いしばし
石綿,いしわた
威信,いしん
椅子,いす
以西,いせい
移籍,いせき
移設,いせつ
緯線,いせん
以前,いぜん
磯,いそ
急ぎ足,いそぎあし
磯松,いそまつ
遺族,いぞく
依存,いぞん
板,いた
遺体,いたい
板壁,いたかべ
委託,いたく
致し方,いたしかた
いたち,いたち
痛手,いたで
板の間,いたのま
板挟み,いたばさみ
板張り,いたばり
板前,いたまえ
異端,いたん
医大,いだい
韋駄天,いだてん
位置,いち
一案,いちあん
一意,いちい
一員,いちいん
一丸,いちがん
移築,いちく
一群,いちぐん
一撃,いちげき
一言,いちげん
一期,いちご
一座,いちざ
一族,いちぞく
一存,いちぞん
一団,いちだん
一読,いちどく
一男,いちなん
一任,いちにん
一念,いちねん
市場,いちば
一部,いちぶ
一部分,いちぶぶん
一抹,いちまつ
一味,いちみ
一命,いちめい
一目,いちもく
一門,いちもん
一夜,いちや
一翼,いちよく
一覧,いちらん
一理,いちり
一礼,いちれい
いつ,いつ
何時頃,いつごろ
逸材,いつざい
逸脱,いつだつ
逸話,いつわ
移転,いてん
出で立ち,いでたち
遺伝,いでん
遺伝子,いでんし
意図,いと
威徳,いとく
糸口,いとぐち
従兄弟,いとこ
糸偏,いとへん
いとま,いとま
暇乞い,いとまごい
糸目,いとめ
井戸,いど
居所,いどころ
井戸端,いどばた
否,いな
以内,いない
田舎,いなか
稲子,いなご
稲作,いなさく
稲束,いなたば
稲田,いなだ
稲光,いなびかり
稲穂,いなほ
稲叢,いなむら
稲荷,いなり
以南,いなん
古,いにしえ
委任,いにん
戌,いぬ
犬橇,いぬぞり
稲,いね
稲刈り,いねかり
稲扱き,いねこき
猪,いのしし
命,いのち
命掛け,いのちがけ
命乞い,いのちごい
命取り,いのちとり
違背,いはい
違反,いはん
茨,いばら
遺品,いひん
いびき,いびき
畏怖,いふ
衣服,いふく
息吹,いぶき
胃袋,いぶくろ
燻し銀,いぶしぎん
異物,いぶつ
異変,いへん
以北,いほく
異母,いぼ
今,いま
今頃,いまごろ
今時,いまどき
意味,いみ
意味合い,いみあい
移民,いみん
医務,いむ
芋,いも
鋳物,いもの
芋虫,いもむし
井守,いもり
慰問,いもん
嫌気,いやき
意訳,いやく
意欲,いよく
依頼,いらい
甍,いらか
入り海,いりうみ
入り江,いりえ
入り口,いりぐち
入り日,いりひ
衣類,いるい
海豚,いるか
居留守,いるす
慰霊,いれい
入れ歯,いれば
入れ物,いれもの
色,いろ
色合い,いろあい
色気,いろけ
色艶,いろつや
いろは,いろは
色町,いろまち
いろり,いろり
色分け,いろわけ
異論,いろん
岩,いわ
祝,いわい
違和感,いわかん
曰く,いわく
鰯,いわし
岩魚,いわな
岩肌,いわはだ
岩場,いわば
岩屋,いわや
岩山,いわやま
謂われ,いわれ
印,いん
陰影,いんえい
引火,いんか
印鑑,いんかん
因果,いんが
印画紙,いんがし
陰茎,いんけい
隠元,いんげん
鸚哥,いんこ
隠語,いんご
印刷,いんさつ
印紙,いんし
院政,いんせい
引責,いんせき
印税,いんぜい
引率,いんそつ
引退,いんたい
隠匿,いんとく
隠遁,いんとん
因縁,いんねん
韻律,いんりつ
陰暦,いんれき
植木,うえき
植木鉢,うえきばち
植え込み,うえこみ
魚市場,うおいちば
魚河岸,うおがし
羽化,うか
迂回,うかい
含嗽,うがい
右岸,うがん
雨季,うき
浮き草,うきくさ
浮き雲,うきぐも
浮き袋,うきぶくろ
浮き彫り,うきぼり
憂き身,うきみ
憂き目,うきめ
浮き世,うきよ
鶯,うぐいす
受け売り,うけうり
請負,うけおい
受け皿,うけざら
受付,うけつけ
受取,うけとり
右舷,うげん
兎,うさぎ
丑,うし
牛飼い,うしかい
牛蛙,うしがえる
牛偏,うしへん
後ろ,うしろ
後ろ足,うしろあし
後ろ髪,うしろがみ
後ろ盾,うしろだて
後ろ手,うしろで
臼,うす
雨水,うすい
薄紙,うすがみ
薄着,うすぎ
薄切り,うすぎり
薄曇り,うすぐもり
薄日,うすび
薄緑,うすみどり
羅,うすもの
右折,うせつ
嘘,うそ
嘘吐き,うそつき
歌,うた
歌合,うたあわせ
謡,うたい
歌い手,うたいて
泡沫,うたかた
歌声,うたごえ
転寝,うたたね
歌姫,うたひめ
内,うち
討ち入り,うちいり
内祝い,うちいわい
内々,うちうち
内海,うちうみ
打ち掛け,うちかけ
内掛け,うちがけ
内側,うちがわ
内高,うちだか
打ち止め,うちどめ
内法,うちのり
内幕,うちまく
内股,うちまた
打ち身,うちみ
内輪,うちわ
内訳,うちわけ
鬱,うつ
現,うつつ
打つ手,うつて
うつ伏せ,うつぶせ
器,うつわ
雨天,うてん
腕,うで
腕利き,うできき
腕比べ,うでくらべ
腕組み,うでぐみ
腕試し,うでだめし
腕前,うでまえ
うど,うど
うどん,うどん
鰻,うなぎ
海原,うなばら
雲丹,うに
畝,うね
鵜呑み,うのみ
右派,うは
乳母,うば
産着,うぶぎ
産毛,うぶげ
産声,うぶごえ
産湯,うぶゆ
右辺,うへん
午,うま
馬乗り,うまのり
海,うみ
海亀,うみがめ
海鳥,うみどり
海鳴り,うみなり
海猫,うみねこ
海開き,うみびらき
海蛇,うみへび
海辺,うみべ
有無,うむ
梅,うめ
呻き声,うめきごえ
埋め草,うめくさ
梅干し,うめぼし
埋もれ木,うもれぎ
紆余,うよ
右翼,うよく
浦,うら
裏打ち,うらうち
裏表,うらおもて
裏方,うらかた
裏書き,うらがき
裏金,うらがね
裏口,うらぐち
裏作,うらさく
裏手,うらて
占師,うらないし
裏庭,うらにわ
裏話,うらばなし
裏盆,うらぼん
裏町,うらまち
怨み,うらみ
裏道,うらみち
裏目,うらめ
裏門,うらもん
裏山,うらやま
瓜,うり
売上,うりあげ
売り買い,うりかい
売り子,うりこ
売出,うりだし
売り手,うりて
売り値,うりね
売り場,うりば
売り物,うりもの
煩型,うるさがた
漆,うるし
粳,うるち
売れ行き,うれゆき
鱗,うろこ
鱗雲,うろこぐも
上顎,うわあご
上書き,うわがき
上着,うわぎ
上薬,うわぐすり
囈言,うわごと
噂,うわさ
上滑り,うわすべり
上塗り,うわぬり
上値,うわね
上乗せ,うわのせ
上の空,うわのそら
上履き,うわばき
うわべ,うわべ
上役,うわやく
運,うん
運営,うんえい
雲海,うんかい
運河,うんが
うんこ,うんこ
運針,うんしん
雲水,うんすい
運勢,うんせい
うんち,うんち
運賃,うんちん
運転,うんてん
雲泥,うんでい
云々,うんぬん
運輸,うんゆ
英会話,えいかいわ
鋭角,えいかく
栄冠,えいかん
映画,えいが
英気,えいき
英語,えいご
英才,えいさい
栄進,えいしん
永世,えいせい
営繕,えいぜん
永続,えいぞく
栄達,えいたつ
詠嘆,えいたん
英断,えいだん
英知,えいち
栄転,えいてん
英文,えいぶん
衛兵,えいへい
永眠,えいみん
英名,えいめい
英訳,えいやく
栄誉,えいよ
営利,えいり
営林,えいりん
英霊,えいれい
英和,えいわ
絵描き,えかき
笑顔,えがお
絵柄,えがら
液,えき
駅員,えきいん
液化,えきか
疫学,えきがく
液体,えきたい
駅伝,えきでん
駅弁,えきべん
駅前,えきまえ
役務,えきむ
駅名,えきめい
疫痢,えきり
靨,えくぼ
餌,えさ
絵師,えし
絵空事,えそらごと
枝,えだ
枝打ち,えだうち
枝葉,えだは
枝豆,えだまめ
悦,えつ
越年,えつねん
閲覧,えつらん
干支,えと
会得,えとく
江戸前,えどまえ
絵の具,えのぐ
海老,えび
えびせん,えびせん
絵筆,えふで
絵本,えほん
烏帽子,えぼし
絵馬,えま
絵巻,えまき
絵巻物,えまきもの
笑み,えみ
獲物,えもの
衣紋掛,えもんかけ
えら,えら
襟,えり
襟首,えりくび
襟ぐり,えりぐり
選り取り,えりどり
襟巻き,えりまき
円,えん
遠因,えんいん
円売り,えんうり
遠泳,えんえい
演繹,えんえき
塩化,えんか
宴会,えんかい
沿革,えんかく
塩害,えんがい
縁側,えんがわ
沿岸,えんがん
延期,えんき
遠近,えんきん
演技,えんぎ
縁起物,えんぎもの
縁組み,えんぐみ
援軍,えんぐん
円形,えんけい
園芸,えんげい
演劇,えんげき
縁故,えんこ
援護,えんご
縁先,えんさき
塩酸,えんさん
冤罪,えんざい
演算,えんざん
遠視,えんし
延伸,えんしん
円錐,えんすい
遠征,えんせい
宴席,えんせき
沿線,えんせん
演説,えんぜつ
塩素,えんそ
遠足,えんそく
延滞,えんたい
円卓,えんたく
演題,えんだい
円高,えんだか
円建て,えんだて
演壇,えんだん
炎天,えんてん
塩田,えんでん
煙突,えんとつ
縁日,えんにち
炎熱,えんねつ
縁の下,えんのした
円安,えんやす
遠路,えんろ
追い打ち,おいうち
御家芸,おいえげい
追い風,おいかぜ
老頭,おいがしら
追い肥,おいごえ
老い先,おいさき
生い立ち,おいたち
御暇,おいとま
追い剥ぎ,おいはぎ
負い目,おいめ
花魁,おいらん
丘,おか
御返し,おかえし
お陰,おかげ
御方,おかた
御構い,おかまい
女将,おかみ
阿亀,おかめ
陸湯,おかゆ
おから,おから
御代わり,おかわり
悪寒,おかん
小川,おがわ
沖,おき
沖合,おきあい
置き去り,おきざり
掟,おきて
翁,おきな
置き場,おきば
御決まり,おきまり
置物,おきもの
奥,おく
屋外,おくがい
奥様,おくさま
奥さん,おくさん
憶測,おくそく
奥底,おくそこ
奥地,おくち
おくて,おくて
屋内,おくない
御国,おくに
奥の手,おくのて
奥歯,おくば
おくび,おくび
御悔やみ,おくやみ
奥行き,おくゆき
送り先,おくりさき
送り手,おくりて
送り火,おくりび
贈り物,おくりもの
小倉,おぐら
桶,おけ
御腰,おこし
御好み,おこのみ
おこわ,おこわ
御下がり,おさがり
御下げ,おさげ
幼子,おさなご
おさらい,おさらい
御産,おさん
押し入れ,おしいれ
押し売り,おしうり
教え子,おしえご
御七夜,おしちや
鴛鴦,おしどり
御忍び,おしのび
押し葉,おしば
押し花,おしばな
雄蘂,おしべ
おしまい,おしまい
雄,おす
汚水,おすい
御節,おせち
汚染,おせん
遅咲き,おそざき
御供え,おそなえ
遅蒔き,おそまき
御互い,おたがい
御宅,おたく
御立ち,おたち
おたふく,おたふく
汚濁,おだく
落ち度,おちど
落ち葉,おちば
落ち穂,おちぼ
落ち目,おちめ
御告げ,おつげ
御釣り,おつり
御手,おて
御手上げ,おてあげ
御手玉,おてだま
御点前,おてまえ
御手盛り,おてもり
汚点,おてん
汚泥,おでい
お出かけ,おでかけ
おでき,おでき
おでこ,おでこ
お出まし,おでまし
おでん,おでん
音,おと
御伽,おとぎ
男,おとこ
男君,おとこぎみ
男伊達,おとこだて
男手,おとこで
男泣き,おとこなき
男の子,おとこのこ
男湯,おとこゆ
音沙汰,おとさた
御年玉,おとしだま
おととい,おととい
おととし,おととし
大人,おとな
乙女,おとめ
御供,おとも
囮,おとり
戯け者,おどけもの
踊,おどり
踊り子,おどりこ
踊り場,おどりば
同い年,おないどし
お腹,おなか
尾長鳥,おながどり
おなら,おなら
鬼,おに
鬼瓦,おにがわら
御握り,おにぎり
尾根,おね
斧,おの
己,おのれ
御萩,おはぎ
おはこ,おはこ
御初,おはつ
御囃子,おはやし
御祓い,おはらい
伯母,おば
御祖母,おばあ
御化け,おばけ
伯母さん,おばさん
雄花,おばな
御膝元,おひざもと
おひたし,おひたし
御姫様,おひめさま
御開き,おひらき
尾鰭,おひれ
御披露目,おひろめ
帯,おび
尾鰭,おびれ
御袋,おふくろ
御布施,おふせ
御触れ,おふれ
汚物,おぶつ
朧雲,おぼろぐも
御盆,おぼん
御参り,おまいり
御前,おまえ
おまけ,おまけ
御祭り,おまつり
御守り,おまもり
御神酒,おみき
御輿,おみこし
御迎え,おむかえ
おむすび,おむすび
おむつ,おむつ
汚名,おめい
おめかし,おめかし
御召し,おめし
御目玉,おめだま
おめでた,おめでた
御目見得,おめみえ
思い出,おもいで
面影,おもかげ
重き,おもき
面差し,おもざし
重し,おもし
表,おもて
表書き,おもてがき
表沙汰,おもてざた
表向き,おもてむき
表門,おもてもん
面長,おもなが
重荷,おもに
趣,おもむき
面持ち,おももち
母屋,おもや
御守り,おもり
思惑,おもわく
親,おや
親方,おやかた
親子,おやこ
親心,おやごころ
親潮,おやしお
おやつ,おやつ
親分,おやぶん
女形,おやま
親元,おやもと
親指,おやゆび
御呼ばれ,およばれ
御呼び,および
及び腰,およびごし
おら,おら
おり,おり
折から,おりから
折り紙,おりがみ
織り姫,おりひめ
折り目,おりめ
織物,おりもの
織り屋,おりや
俺,おれ
御礼,おれい
おれたち,おれたち
卸,おろし
卸し値,おろしね
おわび,おわび
終値,おわりね
恩,おん
音域,おんいき
音階,おんかい
音感,おんかん
恩返し,おんがえし
音楽,おんがく
恩義,おんぎ
音訓,おんくん
恩恵,おんけい
音源,おんげん
温故,おんこ
音叉,おんさ
恩師,おんし
温室,おんしつ
音信,おんしん
温水,おんすい
音声,おんせい
音節,おんせつ
温泉,おんせん
音速,おんそく
温存,おんぞん
温帯,おんたい
音痴,おんち
音程,おんてい
恩典,おんてん
温度,おんど
音読,おんどく
雄鶏,おんどり
女,おんな
女手,おんなで
女の子,おんなのこ
女偏,おんなへん
女湯,おんなゆ
温熱,おんねつ
怨念,おんねん
音読み,おんよみ
母さん,かあさん
加圧,かあつ
下位,かい
改悪,かいあく
海域,かいいき
飼い犬,かいいぬ
会員,かいいん
海運,かいうん
開園,かいえん
買い置き,かいおき
快音,かいおん
開化,かいか
開会,かいかい
改革,かいかく
開館,かいかん
絵画,かいが
海外,かいがい
開学,かいがく
貝殻,かいがら
海岸,かいがん
回帰,かいき
皆勤,かいきん
会議,かいぎ
買い食い,かいぐい
海軍,かいぐん
会計,かいけい
解決,かいけつ
会見,かいけん
開眼,かいげん
回顧,かいこ
戒告,かいこく
開墾,かいこん
介護,かいご
開催,かいさい
改作,かいさく
改札,かいさつ
解散,かいさん
介在,かいざい
改竄,かいざん
開始,かいし
回診,かいしん
海水,かいすい
回生,かいせい
解析,かいせき
解説,かいせつ
会戦,かいせん
改善,かいぜん
改組,かいそ
会則,かいそく
介添え,かいぞえ
海賊,かいぞく
解体,かいたい
開拓,かいたく
快打,かいだ
解題,かいだい
快諾,かいだく
買い溜め,かいだめ
会談,かいだん
改築,かいちく
買い手,かいて
改定,かいてい
回転,かいてん
買取,かいとり
買い時,かいどき
解読,かいどく
海難,かいなん
懐妊,かいにん
飼い主,かいぬし
買い値,かいね
会派,かいは
改廃,かいはい
開発,かいはつ
海馬,かいば
貝柱,かいばしら
海抜,かいばつ
回避,かいひ
海浜,かいひん
回付,かいふ
回復,かいふく
怪物,かいぶつ
回文,かいぶん
開閉,かいへい
改変,かいへん
開幕,かいまく
快眠,かいみん
改名,かいめい
壊滅,かいめつ
海綿,かいめん
買い物,かいもの
開門,かいもん
解約,かいやく
傀儡,かいらい
快楽,かいらく
回覧,かいらん
乖離,かいり
怪力,かいりき
戒律,かいりつ
海嶺,かいれい
改暦,かいれき
回路,かいろ
会話,かいわ
界隈,かいわい
下院,かいん
替え歌,かえうた
楓,かえで
帰り際,かえりぎわ
返り血,かえりち
帰り道,かえりみち
蛙,かえる
火炎,かえん
顔,かお
顔色,かおいろ
家屋,かおく
顔立ち,かおだち
顔付き,かおつき
顔触れ,かおぶれ
顔負け,かおまけ
顔見世,かおみせ
顔役,かおやく
加温,かおん
価格,かかく
案山子,かかし
踵,かかと
係,かかり
係員,かかりいん
係官,かかりかん
加害,かがい
化学,かがく
鏡,かがみ
鏡抜き,かがみぬき
篝火,かがりび
夏季,かき
書き置き,かきおき
書き初め,かきぞめ
書留,かきとめ
垣根,かきね
書き物,かきもの
課金,かきん
鍵,かぎ
鉤裂き,かぎざき
かぎの手,かぎのて
核,かく
格上げ,かくあげ
各位,かくい
画一,かくいつ
各駅,かくえき
各界,かくかい
閣議,かくぎ
隔月,かくげつ
格言,かくげん
格差,かくさ
画策,かくさく
格下げ,かくさげ
拡散,かくさん
角材,かくざい
各氏,かくし
格式,かくしき
隠し芸,かくしげい
確執,かくしつ
確信,かくしん
角錐,かくすい
拡声器,かくせいき
隔絶,かくぜつ
拡大,かくだい
各地,かくち
画定,かくてい
獲得,かくとく
確度,かくど
確認,かくにん
隔年,かくねん
攪拌,かくはん
隔壁,かくへき
確保,かくほ
角膜,かくまく
確約,かくやく
攪乱,かくらん
隔離,かくり
確立,かくりつ
隠れ家,かくれが
隠れ里,かくれざと
隠れ蓑,かくれみの
各論,かくろん
家訓,かくん
家具,かぐ
神楽,かぐら
賭,かけ
駆け足,かけあし
家系,かけい
駆け落ち,かけおち
掛け金,かけきん
掛け声,かけごえ
掛け算,かけざん
可決,かけつ
掛け値,かけね
掛け橋,かけはし
駆け引き,かけひき
掛け持ち,かけもち
掛け物,かけもの
かけら,かけら
影,かげ
影絵,かげえ
歌劇,かげき
陰口,かげぐち
花月,かげつ
陰日向,かげひなた
陰干し,かげぼし
加減,かげん
過去,かこ
禍根,かこん
加護,かご
篭屋,かごや
過言,かごん
傘,かさ
嵩上げ,かさあげ
家裁,かさい
佳作,かさく
笠雲,かさぐも
傘立て,かさたて
傘張り,かさはり
かさぶた,かさぶた
加算,かさん
風穴,かざあな
家財,かざい
風上,かざかみ
風切り,かざきり
風車,かざぐるま
風下,かざしも
風間,かざま
風見,かざみ
風見鶏,かざみどり
風向き,かざむき
飾り気,かざりけ
飾り物,かざりもの
火山,かざん
下肢,かし
貸し借り,かしかり
貸し金,かしきん
過失,かしつ
貸し手,かして
貸し間,かしま
貸し家,かしや
頭,かしら
柏,かしわ
柏手,かしわで
過信,かしん
かす,かす
加水,かすい
鎹,かすがい
霞,かすみ
加勢,かせい
火成岩,かせいがん
化石,かせき
仮設,かせつ
架線,かせん
河川敷,かせんしき
風,かぜ
課税,かぜい
風除け,かぜよけ
加速,かそく
数え歌,かぞえうた
数え年,かぞえどし
家族,かぞく
型,かた
片足,かたあし
片田舎,かたいなか
肩入れ,かたいれ
片腕,かたうで
片思い,かたおもい
片仮名,かたかな
肩書き,かたがき
型紙,かたがみ
片側,かたがわ
仇,かたき
敵討ち,かたきうち
敵役,かたきやく
家宅,かたく
片栗粉,かたくりこ
肩車,かたぐるま
片言,かたこと
肩凝り,かたこり
片隅,かたすみ
肩叩き,かたたたき
形,かたち
下達,かたつ
片手,かたて
片手間,かたてま
片時,かたとき
刀,かたな
堅物,かたぶつ
塊,かたまり
形見,かたみ
片道,かたみち
片面,かためん
語り種,かたりぐさ
語り手,かたりて
語り部,かたりべ
型枠,かたわく
傍ら,かたわら
片割れ,かたわれ
加担,かたん
仮題,かだい
歌壇,かだん
価値,かち
家畜,かちく
勝ち鬨,かちどき
勝ち星,かちぼし
勝ち負け,かちまけ
勝ち目,かちめ
活,かつ
割愛,かつあい
鰹,かつお
活劇,かつげき
活躍,かつやく
かつら,かつら
滑落,かつらく
活路,かつろ
糧,かて
仮定,かてい
加点,かてん
家電,かでん
過渡,かと
角,かど
門口,かどぐち
門出,かどで
門松,かどまつ
仮名,かな
金網,かなあみ
家内,かない
金型,かながた
金具,かなぐ
金繰り,かなぐり
彼方,かなた
要,かなめ
金物,かなもの
蟹,かに
果肉,かにく
金,かね
兼ね合い,かねあい
金貸し,かねかし
加熱,かねつ
金偏,かねへん
金目,かねめ
金持ち,かねもち
可燃,かねん
河畔,かはん
下半身,かはんしん
河馬,かば
蒲焼き,かばやき
鞄,かばん
可否,かひ
加筆,かひつ
花瓶,かびん
下腹部,かふくぶ
過不足,かふそく
花粉,かふん
下部,かぶ
株価,かぶか
歌舞伎,かぶき
株券,かぶけん
株式,かぶしき
兜,かぶと
兜蟹,かぶとがに
株主,かぶぬし
株安,かぶやす
かぶら,かぶら
被り物,かぶりもの
株分け,かぶわけ
貨幣,かへい
壁,かべ
壁板,かべいた
壁掛け,かべかけ
壁紙,かべがみ
壁土,かべつち
花弁,かべん
窯,かま
鎌鼬,かまいたち
鎌切り,かまきり
かまくら,かまくら
かます,かます
竃,かまど
蒲鉾,かまぼこ
加味,かみ
神風,かみかぜ
髪形,かみがた
神々,かみがみ
上期,かみき
紙切れ,かみきれ
神様,かみさま
上座,かみざ
上下,かみしも
紙漉き,かみすき
紙製,かみせい
剃刀,かみそり
神棚,かみだな
神頼み,かみだのみ
上手,かみて
雷,かみなり
上の句,かみのく
上半期,かみはんき
紙一重,かみひとえ
紙袋,かみぶくろ
神業,かみわざ
仮眠,かみん
かめ,かめ
加盟,かめい
仮面,かめん
鴨,かも
鴨居,かもい
科目,かもく
かもしか,かもしか
貨物,かもつ
家紋,かもん
蚊帳,かや
火薬,かやく
茅葺き,かやぶき
粥,かゆ
殻,から
空揚げ,からあげ
空売り,からうり
唐傘,からかさ
空風,からかぜ
唐紙,からかみ
唐草,からくさ
辛口,からくち
からくり,からくり
烏,からす
体,からだ
空梅雨,からつゆ
空手,からて
空手形,からてがた
辛煮,からに
唐人,からびと
空振り,からぶり
空回り,からまわり
搦め手,からめて
仮,かり
刈り入れ,かりいれ
仮初め,かりそめ
借り賃,かりちん
借り手,かりて
仮縫い,かりぬい
借り主,かりぬし
借り物,かりもの
軽石,かるいし
軽口,かるくち
かるた,かるた
軽業,かるわざ
彼,かれ
加齢,かれい
枯れ木,かれき
彼氏,かれし
枯れ葉,かれは
川,かわ
川風,かわかぜ
川上,かわかみ
皮切り,かわきり
川岸,かわぎし
川下り,かわくだり
革靴,かわぐつ
川下,かわしも
為替,かわせ
革製,かわせい
川蝉,かわせみ
川底,かわぞこ
川床,かわどこ
川開き,かわびらき
川縁,かわべり
川面,かわも
河原,かわら
瓦版,かわらばん
瓦葺き,かわらぶき
瓦屋根,かわらやね
変わり目,かわりめ
冠,かん
勘案,かんあん
棺桶,かんおけ
漢音,かんおん
感化,かんか
官界,かんかい
感覚,かんかく
管轄,かんかつ
灌漑,かんがい
官学,かんがく
喚起,かんき
換気扇,かんきせん
柑橘,かんきつ
換金,かんきん
管区,かんく
官軍,かんぐん
関係,かんけい
完結,かんけつ
官憲,かんけん
歓迎,かんげい
感激,かんげき
換言,かんげん
歓呼,かんこ
勧告,かんこく
閑古鳥,かんこどり
看護,かんご
監獄,かんごく
監査,かんさ
完済,かんさい
艦載機,かんさいき
監察,かんさつ
換算,かんさん
管財,かんざい
簪,かんざし
環視,かんし
鑑識,かんしき
寒心,かんしん
冠水,かんすい
完成,かんせい
間接,かんせつ
感染,かんせん
関税,かんぜい
観測,かんそく
寒村,かんそん
歓待,かんたい
干拓,かんたく
感嘆,かんたん
歓談,かんだん
完治,かんち
勘違い,かんちがい
鑑定,かんてい
貫徹,かんてつ
寒天,かんてん
感電,かんでん
乾電池,かんでんち
感得,かんとく
感度,かんど
鉋,かんな
艱難,かんなん
堪忍,かんにん
閂,かんぬき
神主,かんぬし
観念,かんねん
観音,かんのん
肝油,かんゆ
関与,かんよ
陥落,かんらく
観覧,かんらん
監理,かんり
管理人,かんりにん
感涙,かんるい
慣例,かんれい
還暦,かんれき
関連,かんれん
寒露,かんろ
貫禄,かんろく
緩和,かんわ
外,がい
害悪,がいあく
外圧,がいあつ
外苑,がいえん
凱歌,がいか
外海,がいかい
外角,がいかく
概観,がいかん
外気,がいき
外形,がいけい
外見,がいけん
外国,がいこく
骸骨,がいこつ
外債,がいさい
概算,がいさん
外使,がいし
外信,がいしん
外政,がいせい
凱旋,がいせん
蓋然,がいぜん
外為,がいため
慨嘆,がいたん
外地,がいち
外敵,がいてき
外伝,がいでん
害毒,がいどく
概念,がいねん
外泊,がいはく
外部,がいぶ
外聞,がいぶん
外壁,がいへき
外米,がいまい
外務,がいむ
外面,がいめん
外野,がいや
外来,がいらい
街路,がいろ
概論,がいろん
画家,がか
雅楽,ががく
餓鬼,がき
学,がく
学位,がくい
学院,がくいん
学園,がくえん
学芸,がくげい
学際,がくさい
学士,がくし
学識,がくしき
学生,がくせい
学籍,がくせき
学説,がくせつ
学卒,がくそつ
楽隊,がくたい
楽団,がくだん
学徒,がくと
学年,がくねん
学費,がくひ
楽譜,がくふ
学部,がくぶ
額縁,がくぶち
学名,がくめい
額面,がくめん
学問,がくもん
楽屋,がくや
学理,がくり
学齢,がくれい
学歴,がくれき
崖,がけ
画材,がざい
画素,がそ
画題,がだい
画壇,がだん
合点,がてん
画伯,がはく
蒲,がま
蝦蟇口,がまぐち
我慢,がまん
画面,がめん
柄,がら
がら空き,がらあき
がらくた,がらくた
硝子,がらす
伽藍,がらん
瓦礫,がれき
側,がわ
岩,がん
岩塩,がんえん
眼下,がんか
元金,がんきん
雁木,がんぎ
岩窟,がんくつ
玩具,がんぐ
贋作,がんさく
岩石,がんせき
眼前,がんぜん
元祖,がんそ
眼帯,がんたい
元旦,がんたん
雁垂れ,がんだれ
含蓄,がんちく
元年,がんねん
丸薬,がんやく
元利,がんり
眼力,がんりき
気合い,きあい
気圧,きあつ
起案,きあん
生糸,きいと
黄色,きいろ
起因,きいん
機運,きうん
帰依,きえ
気炎,きえん
記憶,きおく
気後れ,きおくれ
気落ち,きおち
気温,きおん
帰化,きか
器械,きかい
企画,きかく
帰還,きかん
気管支,きかんし
飢餓,きが
危害,きがい
器楽,きがく
来掛け,きがけ
気兼ね,きがね
気構え,きがまえ
祈願,きがん
危機,きき
利き腕,ききうで
効き目,ききめ
聞き役,ききやく
基金,ききん
貴金属,ききんぞく
木々,きぎ
木切れ,きぎれ
菊,きく
気配り,きくばり
危惧,きぐ
気位,きぐらい
帰結,きけつ
棄権,きけん
喜劇,きげき
期限,きげん
帰国,きこく
気骨,きこつ
きこり,きこり
既婚,きこん
季語,きご
着心地,きごこち
気心,きごころ
記載,きさい
后,きさき
如月,きさらぎ
器材,きざい
岸,きし
気質,きしつ
岸辺,きしべ
寄進,きしん
鱚,きす
寄生,きせい
季節,きせつ
棋戦,きせん
気絶,きぜつ
起訴,きそ
規則,きそく
既存,きそん
帰属,きぞく
貴族院,きぞくいん
北,きた
期待,きたい
北風,きたかぜ
寄託,きたく
北口,きたぐち
北国,きたぐに
忌憚,きたん
季題,きだい
木太刀,きだち
気立て,きだて
危地,きち
鬼畜,きちく
吉例,きちれい
喫煙,きつえん
吃音,きつおん
着付,きつけ
啄木鳥,きつつき
狐,きつね
詰問,きつもん
規定,きてい
汽笛,きてき
基点,きてん
企図,きと
危篤,きとく
喜怒,きど
着流し,きながし
黄な粉,きなこ
帰任,きにん
絹,きぬ
絹糸,きぬいと
気抜け,きぬけ
砧,きぬた
杵,きね
祈念,きねん
茸,きのこ
気のせい,きのせい
気乗り,きのり
気迫,きはく
揮発,きはつ
規範,きはん
機帆船,きはんせん
木場,きば
起爆,きばく
木箱,きばこ
気晴らし,きばらし
基盤,きばん
忌避,きひ
気品,きひん
機微,きび
忌引き,きびき
寄付,きふ
起伏,きふく
器物,きぶつ
気分,きぶん
騎兵,きへい
木偏,きへん
奇弁,きべん
基本,きほん
規模,きぼ
木彫り,きぼり
気前,きまえ
期末,きまつ
決まり手,きまりて
君,きみ
機密,きみつ
黄緑,きみどり
記名,きめい
決め球,きめだま
決め手,きめて
肝,きも
肝煎り,きもいり
気持ち,きもち
着物,きもの
気門,きもん
既約,きやく
気休め,きやすめ
寄与,きよ
機雷,きらい
桐,きり
霧雨,きりさめ
切り売り,きりうり
切り絵,きりえ
切替,きりかえ
切り株,きりかぶ
切り口,きりくち
規律,きりつ
霧吹き,きりふき
切り札,きりふだ
切り干し,きりぼし
切り身,きりみ
錐揉み,きりもみ
切り盛り,きりもり
きりん,きりん
綺麗事,きれいごと
亀裂,きれつ
切れ端,きれはし
切れ目,きれめ
切れ者,きれもの
岐路,きろ
記録,きろく
木枠,きわく
極み,きわみ
斤,きん
金色,きんいろ
金貨,きんか
近海,きんかい
近刊,きんかん
金額,きんがく
近眼,きんがん
金銀,きんぎん
禁句,きんく
近景,きんけい
近県,きんけん
金言,きんげん
禁固,きんこ
筋骨,きんこつ
金策,きんさく
禁止,きんし
謹慎,きんしん
禁制,きんせい
近接,きんせつ
琴線,きんせん
筋線維,きんせんい
勤続,きんぞく
近代,きんだい
金高,きんだか
禁断,きんだん
金的,きんてき
近年,きんねん
禁輸,きんゆ
禁欲,きんよく
近来,きんらい
金蘭,きんらん
金利,きんり
近隣,きんりん
菌類,きんるい
禁令,きんれい
議案,ぎあん
議員,ぎいん
義援,ぎえん
擬音,ぎおん
議会,ぎかい
技官,ぎかん
疑義,ぎぎ
偽計,ぎけい
議決,ぎけつ
技芸,ぎげい
疑獄,ぎごく
技師,ぎし
儀式,ぎしき
疑心,ぎしん
犠牲,ぎせい
擬声語,ぎせいご
議席,ぎせき
偽善,ぎぜん
義足,ぎそく
擬態,ぎたい
犠打,ぎだ
議題,ぎだい
義弟,ぎてい
儀典,ぎてん
疑念,ぎねん
犠飛,ぎひ
義父,ぎふ
義母,ぎぼ
義妹,ぎまい
欺瞞,ぎまん
義務,ぎむ
偽名,ぎめい
疑問,ぎもん
義理,ぎり
儀礼,ぎれい
議論,ぎろん
疑惑,ぎわく
銀,ぎん
銀色,ぎんいろ
銀貨,ぎんか
銀世界,ぎんせかい
銀杏,ぎんなん
杭,くい
区域,くいき
食い気,くいけ
食い物,くいもの
苦海,くかい
区画,くかく
区間,くかん
苦学,くがく
茎,くき
釘,くぎ
九々,くく
潜り戸,くぐりど
矩形,くけい
公家,くげ
苦言,くげん
草,くさ
草刈り,くさかり
草木,くさき
草地,くさち
草取り,くさとり
草原,くさはら
草花,くさばな
楔,くさび
草笛,くさぶえ
草葺き,くさぶき
草枕,くさまくら
草叢,くさむら
草餅,くさもち
鎖,くさり
腐れ縁,くされえん
草分け,くさわけ
駆使,くし
苦心,くしん
くす玉,くすだま
薬,くすり
薬屋,くすりや
薬指,くすりゆび
癖,くせ
苦節,くせつ
曲者,くせもの
苦戦,くせん
糞,くそ
管,くだ
果物,くだもの
下り坂,くだりざか
下り線,くだりせん
口,くち
口開け,くちあけ
口裏,くちうら
口絵,くちえ
口金,くちがね
口利き,くちきき
駆逐,くちく
口癖,くちぐせ
口々,くちぐち
口答え,くちごたえ
口先,くちさき
口添え,くちぞえ
口出し,くちだし
口止め,くちどめ
口無し,くちなし
くちばし,くちばし
口火,くちび
唇,くちびる
口笛,くちぶえ
口振り,くちぶり
口偏,くちへん
口紅,くちべに
口真似,くちまね
口元,くちもと
靴,くつ
靴下,くつした
轡,くつわ
句点,くてん
功徳,くどく
宮内,くない
苦難,くなん
国,くに
国構え,くにがまえ
国柄,くにがら
狗肉,くにく
国々,くにぐに
国境,くにざかい
国元,くにもと
橡,くぬぎ
苦杯,くはい
首,くび
軛,くびき
首切り,くびきり
首吊り,くびつり
首輪,くびわ
区部,くぶ
区分,くぶん
区別,くべつ
凹地,くぼち
熊,くま
隈笹,くまざさ
熊手,くまで
隈取り,くまどり
熊蜂,くまばち
組,くみ
組合,くみあい
組員,くみいん
組み手,くみて
区民,くみん
工面,くめん
蜘蛛,くも
雲隠れ,くもがくれ
供物,くもつ
雲間,くもま
蜘蛛膜,くもまく
雲行き,くもゆき
曇,くもり
曇り空,くもりぞら
苦悶,くもん
蔵,くら
位,くらい
位取り,くらいどり
鞍替え,くらがえ
暗がり,くらがり
苦楽,くらく
くらげ,くらげ
比べ物,くらべもの
蔵元,くらもと
暗闇,くらやみ
庫裏,くり
栗毛,くりげ
繰り言,くりごと
区立,くりつ
来る年,くるとし
踝,くるぶし
車,くるま
車座,くるまざ
車代,くるまだい
車偏,くるまへん
胡桃,くるみ
暮れ方,くれがた
紅,くれない
黒,くろ
くろがね,くろがね
黒焦げ,くろこげ
黒潮,くろしお
黒白,くろしろ
黒土,くろつち
黒船,くろふね
黒縁,くろぶち
黒星,くろぼし
黒幕,くろまく
黒松,くろまつ
黒豆,くろまめ
黒山,くろやま
桑,くわ
鍬形,くわがた
区分け,くわけ
区割り,くわり
訓告,くんこく
君子,くんし
燻製,くんせい
訓読,くんどく
訓読み,くんよみ
君臨,くんりん
訓令,くんれい
訓練,くんれん
訓話,くんわ
具合,ぐあい
具現,ぐげん
愚策,ぐさく
具申,ぐしん
具体,ぐたい
愚痴,ぐち
具備,ぐび
胡頽子,ぐみ
愚民,ぐみん
愚問,ぐもん
群,ぐん
軍医,ぐんい
軍歌,ぐんか
軍拡,ぐんかく
軍旗,ぐんき
軍国,ぐんこく
群生,ぐんせい
軍勢,ぐんぜい
軍属,ぐんぞく
軍隊,ぐんたい
軍団,ぐんだん
軍手,ぐんて
群読,ぐんどく
群落,ぐんらく
毛穴,けあな
刑,けい
敬愛,けいあい
経緯,けいい
経営,けいえい
敬遠,けいえん
経過,けいか
警戒,けいかい
計画,けいかく
景観,けいかん
慶賀,けいが
形骸,けいがい
刑期,けいき
経験,けいけん
軽減,けいげん
稽古,けいこ
警告,けいこく
稽古事,けいこごと
警護,けいご
掲載,けいさい
警察,けいさつ
計算,けいさん
経済,けいざい
軽視,けいし
型式,けいしき
軽震,けいしん
形成,けいせい
形跡,けいせき
経線,けいせん
計測,けいそく
継続,けいぞく
携帯,けいたい
境内,けいだい
啓蟄,けいちつ
警笛,けいてき
毛糸,けいと
経度,けいど
鶏肉,けいにく
啓発,けいはつ
競馬,けいば
刑罰,けいばつ
経費,けいひ
景品,けいひん
警備,けいび
系譜,けいふ
敬服,けいふく
軽侮,けいぶ
軽蔑,けいべつ
契約,けいやく
経由,けいゆ
警邏,けいら
鶏卵,けいらん
経理,けいり
競輪,けいりん
敬礼,けいれい
経歴,けいれき
系列,けいれつ
痙攣,けいれん
毛色,けいろ
稀有,けう
毛織り,けおり
怪我,けが
怪我人,けがにん
毛皮,けがわ
毛嫌い,けぎらい
今朝,けさ
毛先,けさき
芥子,けし
消印,けしいん
景色,けしき
芥子粒,けしつぶ
化身,けしん
桁,けた
獣,けもの
欠,けつ
血圧,けつあつ
欠員,けついん
血液,けつえき
血縁,けつえん
決議,けつぎ
血税,けつぜい
血族,けつぞく
決断,けつだん
血肉,けつにく
欠番,けつばん
決別,けつべつ
結末,けつまつ
欠落,けつらく
決裂,けつれつ
結論,けつろん
毛並み,けなみ
毛抜,けぬき
懸念,けねん
気配,けはい
毛鉤,けばり
蹴鞠,けまり
毛虫,けむし
煙,けむり
獣偏,けものへん
欅,けやき
家来,けらい
けり,けり
けろりと,けろりと
件,けん
懸案,けんあん
権威,けんい
牽引,けんいん
巻雲,けんうん
兼営,けんえい
検疫,けんえき
検閲,けんえつ
嫌悪,けんお
検温,けんおん
喧嘩,けんか
県会,けんかい
見学,けんがく
検眼,けんがん
献金,けんきん
建議,けんぎ
県警,けんけい
献血,けんけつ
建言,けんげん
建国,けんこく
検査,けんさ
県債,けんさい
剣先,けんさき
建策,けんさく
検察,けんさつ
顕在,けんざい
県境,けんざかい
剣山,けんざん
検視,けんし
見識,けんしき
検診,けんしん
懸垂,けんすい
建制,けんせい
建設,けんせつ
謙遜,けんそん
倦怠,けんたい
剣玉,けんだま
検地,けんち
建築,けんちく
検定,けんてい
建都,けんと
兼任,けんにん
倹約,けんやく
謙抑,けんよく
権利,けんり
県立,けんりつ
県連,けんれん
芸,げい
迎撃,げいげき
芸子,げいこ
芸事,げいごと
芸談,げいだん
芸人,げいにん
芸名,げいめい
外科,げか
下界,げかい
下巻,げかん
劇,げき
劇化,げきか
劇画,げきが
激減,げきげん
劇作,げきさく
劇作家,げきさくか
激震,げきしん
激戦,げきせん
撃退,げきたい
劇団,げきだん
撃沈,げきちん
撃墜,げきつい
激突,げきとつ
激怒,げきど
撃破,げきは
劇物,げきぶつ
激変,げきへん
激務,げきむ
劇薬,げきやく
激励,げきれい
激論,げきろん
下血,げけつ
下剤,げざい
下山,げざん
夏至,げし
下水,げすい
下船,げせん
下足,げそく
下駄,げた
解脱,げだつ
下段,げだん
月,げつ
月額,げつがく
月面,げつめん
月例,げつれい
解毒,げどく
解熱,げねつ
下野,げや
下落,げらく
下痢,げり
元,げん
減圧,げんあつ
原案,げんあん
原因,げんいん
原液,げんえき
原価,げんか
厳戒,げんかい
幻覚,げんかく
厳寒,げんかん
原画,げんが
言外,げんがい
減額,げんがく
厳禁,げんきん
原義,げんぎ
減刑,げんけい
原告,げんこく
拳骨,げんこつ
言語,げんご
原作,げんさく
原産,げんさん
現在,げんざい
減算,げんざん
原始,げんし
原子核,げんしかく
玄室,げんしつ
減水,げんすい
現世,げんせ
原生,げんせい
原石,げんせき
言説,げんせつ
厳選,げんせん
減税,げんぜい
元素,げんそ
減速,げんそく
現存,げんそん
減退,げんたい
減反,げんたん
原題,げんだい
現地,げんち
原付き,げんつき
限定,げんてい
減点,げんてん
限度,げんど
現生,げんなま
原野,げんや
原油,げんゆ
原理,げんり
言論,げんろん
幻惑,げんわく
恋,こい
恋心,こいごころ
こいつ,こいつ
鯉幟,こいのぼり
恋人,こいびと
恋文,こいぶみ
声,こえ
小枝,こえだ
固化,こか
木陰,こかげ
枯渇,こかつ
子飼い,こがい
古楽,こがく
こがね,こがね
黄金色,こがねいろ
木枯らし,こがらし
湖岸,こがん
古希,こき
小気味,こきび
国,こく
国威,こくい
刻印,こくいん
国営,こくえい
国益,こくえき
黒煙,こくえん
国学,こくがく
国技,こくぎ
国軍,こくぐん
国劇,こくげき
刻限,こくげん
国語,こくご
国債,こくさい
国策,こくさく
国産,こくさん
酷使,こくし
国粋,こくすい
国勢,こくせい
国籍,こくせき
国選,こくせん
国是,こくぜ
告訴,こくそ
国体,こくたい
告知,こくち
国定,こくてい
黒点,こくてん
国土,こくど
国難,こくなん
告白,こくはく
告発,こくはつ
黒板,こくばん
国費,こくひ
国賓,こくひん
克服,こくふく
国文,こくぶん
告別,こくべつ
国保,こくほ
国民,こくみん
国務,こくむ
国名,こくめい
穀物,こくもつ
国立,こくりつ
穀類,こくるい
国論,こくろん
小口,こぐち
孤軍,こぐん
苔,こけ
固形,こけい
小芥子,こけし
個々,ここ
故国,ここく
心地,ここち
心,こころ
心意気,こころいき
心根,こころね
古今,ここん
古語,こご
小声,こごえ
小言,こごと
小作,こさく
小雨,こさめ
古参,こさん
小細工,こざいく
小魚,こざかな
阜偏,こざとへん
古紙,こし
漉し餡,こしあん
小潮,こしお
腰折れ,こしおれ
来し方,こしかた
古式,こしき
固執,こしつ
腰抜け,こしぬけ
腰元,こしもと
湖水,こすい
古生代,こせいだい
戸籍,こせき
小銭,こぜに
子育て,こそだて
個体,こたい
答,こたえ
炬燵,こたつ
古代,こだい
子宝,こだから
小出し,こだし
木立,こだち
木霊,こだま
こちら,こちら
骨,こつ
骨壺,こつつぼ
骨盤,こつばん
小手,こて
固定,こてい
鼓笛隊,こてきたい
小手先,こてさき
個展,こてん
糊塗,こと
事柄,ことがら
今年,ことし
言葉,ことば
寿,ことぶき
諺,ことわざ
子供,こども
粉,こな
粉薬,こなぐすり
粉雪,こなゆき
小糠,こぬか
粉糠雨,こぬかあめ
此後,このあと
この頃,このごろ
此際,このさい
此先,このさき
此分,このぶん
此前,このまえ
此世,このよ
琥珀,こはく
こはぜ,こはぜ
湖畔,こはん
小走り,こばしり
小旗,こばた
小咄,こばなし
子離れ,こばなれ
小判,こばん
木挽,こびき
小人,こびと
古墳,こふん
鼓舞,こぶ
拳,こぶし
古物,こぶつ
小舟,こぶね
古文,こぶん
個別,こべつ
独楽,こま
狛犬,こまいぬ
細切り,こまぎり
細切れ,こまぎれ
鼓膜,こまく
駒草,こまくさ
駒鳥,こまどり
小間物,こまもの
困り者,こまりもの
小回り,こまわり
込,こみ
小見出し,こみだし
小道,こみち
小麦,こむぎ
小麦色,こむぎいろ
小麦粉,こむぎこ
小結,こむすび
米,こめ
蟀谷,こめかみ
米蔵,こめぐら
米粒,こめつぶ
米所,こめどころ
米糠,こめぬか
米偏,こめへん
湖面,こめん
薦,こも
子持ち,こもち
小物,こもの
子守り,こもり
子守唄,こもりうた
顧問,こもん
小屋,こや
小屋掛け,こやがけ
子役,こやく
小やみ,こやみ
小雪,こゆき
小指,こゆび
今宵,こよい
暦,こよみ
紙撚り,こより
懲り懲り,こりごり
孤立,こりつ
頃,ころ
頃合い,ころあい
衣,ころも
衣替え,ころもがえ
衣偏,ころもへん
声色,こわいろ
小分け,こわけ
婚,こん
紺色,こんいろ
婚姻,こんいん
今回,こんかい
根幹,こんかん
懇願,こんがん
今季,こんき
困苦,こんく
根比べ,こんくらべ
混血,こんけつ
今月,こんげつ
根源,こんげん
今後,こんご
混在,こんざい
混雑,こんざつ
懇親,こんしん
困睡,こんすい
懇請,こんせい
痕跡,こんせき
今節,こんせつ
混線,こんせん
根絶,こんぜつ
魂胆,こんたん
献立,こんだて
懇談,こんだん
根治,こんち
根底,こんてい
混沌,こんとん
今度,こんど
今日,こんにち
今夜,こんや
婚約,こんやく
混乱,こんらん
婚礼,こんれい
懇話,こんわ
困惑,こんわく
御挨拶,ごあいさつ
語彙,ごい
碁石,ごいし
誤飲,ごいん
護衛,ごえい
誤解,ごかい
互換,ごかん
語学,ごがく
護岸,ごがん
語気,ごき
ごきぶり,ごきぶり
獄,ごく
極悪,ごくあく
極意,ごくい
極寒,ごくかん
極秘,ごくひ
極貧,ごくひん
極細,ごくぼそ
極楽,ごくらく
互恵,ごけい
御家人,ごけにん
護憲,ごけん
語源,ごげん
五穀,ごこく
午後,ごご
誤差,ごさ
後妻,ごさい
誤算,ごさん
茣蓙,ござ
五色,ごしき
誤診,ごしん
碁聖,ごせい
互選,ごせん
五線紙,ごせんし
午前,ごぜん
後手,ごて
御殿,ごてん
誤読,ごどく
誤認,ごにん
御破算,ごはさん
御飯,ごはん
碁盤,ごばん
語尾,ごび
護符,ごふ
呉服,ごふく
五分,ごぶ
五分五分,ごぶごぶ
御無沙汰,ごぶさた
語弊,ごへい
胡麻,ごま
胡麻油,ごまあぶら
塵箱,ごみばこ
御免,ごめん
五目,ごもく
誤訳,ごやく
娯楽,ごらく
御覧,ごらん
御利益,ごりやく
五輪,ごりん
語呂,ごろ
語録,ごろく
ごろつき,ごろつき
権化,ごんげ
権現,ごんげん
債,さい
再演,さいえん
裁可,さいか
再会,さいかい
才覚,さいかく
細管,さいかん
災害,さいがい
再起,さいき
採金,さいきん
再議,さいぎ
細工,さいく
採掘,さいくつ
妻君,さいくん
採決,さいけつ
再建,さいけん
歳月,さいげつ
再現,さいげん
さいころ,さいころ
再婚,さいこん
最期,さいご
幸先,さいさき
採算,さいさん
妻子,さいし
再審,さいしん
採寸,さいすん
再生,さいせい
採石,さいせき
再戦,さいせん
催促,さいそく
臍帯,さいたい
採択,さいたく
裁断,さいだん
裁定,さいてい
採点,さいてん
再度,さいど
災難,さいなん
再任,さいにん
再燃,さいねん
采配,さいはい
再発,さいはつ
再版,さいはん
栽培,さいばい
菜箸,さいばし
裁判,さいばん
採否,さいひ
財布,さいふ
細部,さいぶ
細分,さいぶん
再編,さいへん
歳末,さいまつ
細密,さいみつ
催眠,さいみん
債務,さいむ
細目,さいもく
災厄,さいやく
再来,さいらい
採卵,さいらん
催涙,さいるい
祭礼,さいれい
再録,さいろく
差益,さえき
竿,さお
早乙女,さおとめ
竿秤,さおばかり
坂,さか
境,さかい
境目,さかいめ
逆恨み,さかうらみ
榊,さかき
酒蔵,さかぐら
逆さ,さかさ
逆立ち,さかだち
酒樽,さかだる
逆手,さかて
魚,さかな
酒場,さかば
酒店,さかみせ
坂道,さかみち
酒盛り,さかもり
酒屋,さかや
逆夢,さかゆめ
盛り,さかり
盛り場,さかりば
佐官,さかん
差額,さがく
左岸,さがん
先,さき
先頃,さきごろ
先々,さきざき
先取り,さきどり
先払い,さきばらい
先触れ,さきぶれ
先程,さきほど
先細り,さきぼそり
先回り,さきまわり
先物,さきもの
防人,さきもり
先行き,さきゆき
砂金,さきん
詐欺,さぎ
作,さく
作為,さくい
索引,さくいん
作画,さくが
作柄,さくがら
削岩機,さくがんき
昨季,さくき
削減,さくげん
錯誤,さくご
酢酸,さくさん
作詞,さくし
作成,さくせい
作戦,さくせん
策定,さくてい
昨年,さくねん
昨晩,さくばん
作品,さくひん
作文,さくぶん
作物,さくもつ
昨夜,さくや
桜,さくら
炸裂,さくれつ
酒,さけ
酒飲み,さけのみ
叫び声,さけびごえ
裂け目,さけめ
酒酔い,さけよい
左舷,さげん
鎖国,さこく
鎖骨,さこつ
笹,ささ
査察,ささつ
細雪,ささめゆき
さざえ,さざえ
さざ波,さざなみ
山茶花,さざんか
刺し網,さしあみ
挿絵,さしえ
差し金,さしがね
挿し木,さしき
差し手,さして
刺し身,さしみ
指し物,さしもの
砂州,さす
左折,させつ
左遷,させん
蠍,さそり
差損,さそん
沙汰,さた
札,さつ
撮影,さつえい
五月,さつき
札束,さつたば
薩摩芋,さつまいも
査定,さてい
砂鉄,さてつ
里,さと
里芋,さといも
里帰り,さとがえり
里子,さとご
里心,さとごころ
早苗,さなえ
さなか,さなか
蛹,さなぎ
左派,さは
鯖,さば
砂漠,さばく
錆,さび
左辺,さへん
差別,さべつ
様,さま
五月雨,さみだれ
寒け,さむけ
寒空,さむぞら
侍,さむらい
鮫,さめ
査問,さもん
莢,さや
さ湯,さゆ
左翼,さよく
さより,さより
皿,さら
皿洗い,さらあらい
再来月,さらいげつ
再来年,さらいねん
更紗,さらさ
晒し粉,さらしこ
更地,さらち
猿,さる
然る事,さること
百日紅,さるすべり
猿真似,さるまね
沢,さわ
沢蟹,さわがに
鰆,さわら
左腕,さわん
参,さん
賛意,さんい
散逸,さんいつ
参院,さんいん
参加,さんか
三回,さんかい
参画,さんかく
参観,さんかん
山岳,さんがく
三箇日,さんがにち
参議院,さんぎいん
酸欠,さんけつ
散見,さんけん
惨劇,さんげき
産後,さんご
山菜,さんさい
散策,さんさく
散在,さんざい
三振,さんしん
散水,さんすい
三竦み,さんすくみ
参政,さんせい
山積,さんせき
参戦,さんせん
酸素,さんそ
山村,さんそん
山賊,さんぞく
参内,さんだい
算段,さんだん
山地,さんち
算定,さんてい
三男,さんなん
山野,さんや
三役,さんやく
参与,さんよ
散乱,さんらん
山林,さんりん
参列,さんれつ
山麓,さんろく
剤,ざい
罪悪,ざいあく
在位,ざいい
財界,ざいかい
在外,ざいがい
在学,ざいがく
在勤,ざいきん
財形,ざいけい
財源,ざいげん
在庫,ざいこ
財産,ざいさん
材質,ざいしつ
財政,ざいせい
在籍,ざいせき
在宅,ざいたく
財団,ざいだん
在任,ざいにん
財閥,ざいばつ
在民,ざいみん
財務,ざいむ
罪名,ざいめい
材木,ざいもく
在野,ざいや
在来,ざいらい
座頭,ざがしら
座屈,ざくつ
柘榴,ざくろ
雑魚,ざこ
雑魚寝,ざこね
座視,ざし
座敷,ざしき
座席,ざせき
挫折,ざせつ
座禅,ざぜん
ざた,ざた
座談,ざだん
雑役,ざつえき
雑音,ざつおん
雑談,ざつだん
雑念,ざつねん
雑文,ざつぶん
雑務,ざつむ
座布団,ざぶとん
ざま,ざま
ざら紙,ざらがみ
粗目,ざらめ
笊,ざる
ざるそば,ざるそば
残,ざん
残害,ざんがい
残額,ざんがく
慙愧,ざんき
残金,ざんきん
懺悔,ざんげ
讒言,ざんげん
残滓,ざんし
残雪,ざんせつ
残存,ざんそん
残高,ざんだか
暫定,ざんてい
残土,ざんど
残塁,ざんるい
試合,しあい
指圧,しあつ
思案,しあん
四囲,しい
詩歌,しいか
市域,しいき
飼育,しいく
椎茸,しいたけ
試飲,しいん
仕打ち,しうち
紫雲,しうん
試運転,しうんてん
市営,しえい
使役,しえき
支援,しえん
塩,しお
潮風,しおかぜ
仕送り,しおくり
塩気,しおけ
潮騒,しおさい
潮時,しおどき
潮干,しおひ
潮目,しおめ
枝折り戸,しおりど
紫苑,しおん
史家,しか
司会,しかい
仕返し,しかえし
刺客,しかく
仕方,しかた
屍,しかばね
弛緩,しかん
歯牙,しが
市街,しがい
紫外線,しがいせん
史学,しがく
志願,しがん
指揮,しき
敷居,しきい
敷石,しきいし
色感,しきかん
敷金,しききん
識見,しきけん
色彩,しきさい
色紙,しきし
色素,しきそ
しきたり,しきたり
敷地,しきち
式典,しきてん
敷布,しきふ
式服,しきふく
識別,しきべつ
敷物,しきもの
至近,しきん
試金石,しきんせき
市議,しぎ
詩吟,しぎん
市区,しく
試掘,しくつ
仕草,しぐさ
時雨,しぐれ
市警,しけい
止血,しけつ
試験,しけん
刺激,しげき
茂み,しげみ
資源,しげん
しこり,しこり
紫紺,しこん
子午線,しごせん
仕事,しごと
仕事場,しごとば
示唆,しさ
司祭,しさい
思索,しさく
視察,しさつ
四散,しさん
視座,しざ
私財,しざい
志士,しし
紙質,ししつ
獅子舞,ししまい
指針,ししん
施政,しせい
史跡,しせき
施設,しせつ
支線,しせん
自然,しぜん
始祖,しそ
四則,しそく
子孫,しそん
士族,しぞく
下,した
下顎,したあご
肢体,したい
下請け,したうけ
舌打ち,したうち
下絵,したえ
下書き,したがき
下着,したぎ
支度,したく
下草,したくさ
下支え,したざさえ
示達,したつ
下値,したね
下履き,したばき
下火,したび
下町,したまち
下見,したみ
下読み,したよみ
羊歯,しだ
次第,しだい
仕出し,しだし
指弾,しだん
質,しち
質屋,しちや
七輪,しちりん
室,しつ
失意,しつい
室温,しつおん
質感,しつかん
質疑,しつぎ
失言,しつげん
湿田,しつでん
湿度,しつど
執務,しつむ
失明,しつめい
質問,しつもん
失礼,しつれい
失恋,しつれん
仕手,して
指定,してい
指摘,してき
私鉄,してつ
支店,してん
市電,しでん
使徒,しと
品,しな
竹刀,しない
品柄,しながら
品切れ,しなぎれ
品揃え,しなぞろえ
品物,しなもの
指南,しなん
老舗,しにせ
篠,しの
鎬,しのぎ
支配,しはい
支配人,しはいにん
始発,しはつ
支払,しはらい
市販,しはん
四半期,しはんき
芝,しば
芝居,しばい
柴犬,しばいぬ
芝刈り,しばかり
芝生,しばふ
芝山,しばやま
私費,しひ
私服,しふく
市部,しぶ
私物,しぶつ
紙幣,しへい
紙片,しへん
資本,しほん
島,しま
姉妹,しまい
縞馬,しまうま
島影,しまかげ
島国,しまぐに
始末,しまつ
締まり屋,しまりや
衣魚,しみ
市民,しみん
指名,しめい
締切,しめきり
示偏,しめすへん
しめ縄,しめなわ
湿り気,しめりけ
紙面,しめん
霜,しも
下期,しもき
霜月,しもつき
下手,しもて
霜解け,しもどけ
下の句,しものく
下半期,しもはんき
霜焼け,しもやけ
霜除け,しもよけ
諮問,しもん
視野,しや
試薬,しやく
私欲,しよく
白魚,しらうお
白梅,しらうめ
白樺,しらかば
白髪,しらが
白木,しらき
白鷺,しらさぎ
白洲,しらす
白玉,しらたま
白浪,しらなみ
白羽,しらは
白帆,しらほ
虱,しらみ
尻,しり
尻馬,しりうま
尻込み,しりごみ
市立,しりつ
尻取り,しりとり
尻拭い,しりぬぐい
尻抜け,しりぬけ
尻目,しりめ
尻餅,しりもち
汁,しる
汁粉,しるこ
印,しるし
司令,しれい
試練,しれん
城,しろ
城跡,しろあと
白蟻,しろあり
代掻き,しろかき
しろがね,しろがね
白熊,しろくま
白黒,しろくろ
白酒,しろざけ
白抜き,しろぬき
白旗,しろはた
白星,しろぼし
代物,しろもの
史論,しろん
史話,しわ
仕業,しわざ
師走,しわす
皺寄せ,しわよせ
信,しん
真意,しんい
深化,しんか
深海,しんかい
神格,しんかく
新株,しんかぶ
侵害,しんがい
新顔,しんがお
進学,しんがく
新型,しんがた
しんがり,しんがり
真贋,しんがん
心機,しんき
心筋,しんきん
審議,しんぎ
呻吟,しんぎん
寝具,しんぐ
進軍,しんぐん
神経,しんけい
心血,しんけつ
真剣,しんけん
進撃,しんげき
新月,しんげつ
進言,しんげん
申告,しんこく
新婚,しんこん
新語,しんご
審査,しんさ
震災,しんさい
新作,しんさく
診察,しんさつ
辛酸,しんさん
新参,しんざん
神式,しんしき
寝室,しんしつ
心身,しんしん
心酔,しんすい
親戚,しんせき
新設,しんせつ
神前,しんぜん
新卒,しんそつ
親族,しんぞく
進退,しんたい
信託,しんたく
寝台,しんだい
診断,しんだん
新築,しんちく
新陳,しんちん
進呈,しんてい
進展,しんてん
寝殿,しんでん
信徒,しんと
深度,しんど
信任,しんにん
新年,しんねん
深夜,しんや
新約,しんやく
森羅,しんら
信頼,しんらい
審理,しんり
森林,しんりん
進塁,しんるい
神霊,しんれい
新暦,しんれき
進路,しんろ
親和,しんわ
素足,すあし
水,すい
水圧,すいあつ
推移,すいい
水域,すいいき
水運,すいうん
水泳,すいえい
水温,すいおん
西瓜,すいか
水害,すいがい
吸い殻,すいがら
水銀,すいぎん
推計,すいけい
水源,すいげん
水彩,すいさい
推察,すいさつ
水産,すいさん
水質,すいしつ
推進,すいしん
推薦,すいせん
水素,すいそ
推測,すいそく
水族,すいぞく
衰退,すいたい
推定,すいてい
水滴,すいてき
水田,すいでん
水難,すいなん
垂範,すいはん
水爆,すいばく
水夫,すいふ
水分,すいぶん
水兵,すいへい
水墨,すいぼく
水没,すいぼつ
睡魔,すいま
睡眠,すいみん
水明,すいめい
水面,すいめん
吸い物,すいもの
水門,すいもん
水浴,すいよく
推理,すいり
睡蓮,すいれん
水路,すいろ
推論,すいろん
末,すえ
末娘,すえむすめ
素顔,すがお
姿,すがた
鋤,すき
隙間,すきま
数寄屋,すきや
鋤焼き,すきやき
杉,すぎ
杉菜,すぎな
救い主,すくいぬし
助太刀,すけだち
菅笠,すげがさ
巣篭り,すごもり
双六,すごろく
鮨,すし
鮨飯,すしめし
鮨屋,すしや
煤,すす
すすき,すすき
煤払い,すすはらい
裾,すそ
裾野,すその
簾,すだれ
捨て石,すていし
捨て値,すてね
捨て場,すてば
捨て鉢,すてばち
捨て身,すてみ
素手,すで
砂,すな
砂煙,すなけむり
砂時計,すなどけい
砂浜,すなはま
砂場,すなば
砂埃,すなぼこり
砂山,すなやま
臑,すね
簀子,すのこ
酢の物,すのもの
素肌,すはだ
巣箱,すばこ
昴,すばる
すべ,すべ
滑り台,すべりだい
住まい,すまい
墨,すみ
墨絵,すみえ
住みか,すみか
炭火,すみび
炭焼き,すみやき
素焼き,すやき
すらりと,すらりと
すり,すり
擂り粉木,すりこぎ
摺り鉢,すりばち
摺り身,すりみ
刷り物,すりもの
鯣,するめ
寸劇,すんげき
寸志,すんし
寸前,すんぜん
寸断,すんだん
制,せい
制圧,せいあつ
成案,せいあん
誠意,せいい
成育,せいいく
星雲,せいうん
精液,せいえき
声援,せいえん
清音,せいおん
声価,せいか
政界,せいかい
生化学,せいかがく
性格,せいかく
生活,せいかつ
生還,せいかん
声楽,せいがく
請願,せいがん
生起,せいき
精勤,せいきん
正義,せいぎ
背比べ,せいくらべ
成型,せいけい
制憲,せいけん
制限,せいげん
整骨,せいこつ
精根,せいこん
正誤,せいご
精査,せいさ
制裁,せいさい
制作,せいさく
清算,せいさん
正座,せいざ
製剤,せいざい
制止,せいし
声質,せいしつ
精神,せいしん
盛衰,せいすい
生成,せいせい
成績,せいせき
精選,せいせん
生前,せいぜん
生息,せいそく
勢揃い,せいぞろい
生存,せいぞん
声帯,せいたい
請託,せいたく
生誕,せいたん
聖断,せいだん
整地,せいち
制定,せいてい
政敵,せいてき
製鉄,せいてつ
晴天,せいてん
静電気,せいでんき
生徒,せいと
整頓,せいとん
制度,せいど
精読,せいどく
西南,せいなん
成年,せいねん
制覇,せいは
整髪,せいはつ
製版,せいはん
征伐,せいばつ
成否,せいひ
正比例,せいひれい
清貧,せいひん
整備,せいび
政府,せいふ
征服,せいふく
製粉,せいふん
西部,せいぶ
生物,せいぶつ
成分,せいぶん
性癖,せいへき
政変,せいへん
生別,せいべつ
生保,せいほ
西北,せいほく
製本,せいほん
歳暮,せいぼ
成木,せいぼく
精米,せいまい
政務,せいむ
声明,せいめい
声紋,せいもん
聖夜,せいや
制約,せいやく
精油,せいゆ
性欲,せいよく
生来,せいらい
整理,せいり
成立,せいりつ
精励,せいれい
西暦,せいれき
整列,せいれつ
精錬,せいれん
正論,せいろん
背泳ぎ,せおよぎ
世界,せかい
倅,せがれ
咳,せき
積雲,せきうん
石英,せきえい
積載,せきさい
積算,せきさん
石材,せきざい
石室,せきしつ
積雪,せきせつ
石炭,せきたん
脊椎,せきつい
関取,せきとり
責任,せきにん
積年,せきねん
関の山,せきのやま
惜敗,せきはい
咳払い,せきばらい
石碑,せきひ
積分,せきぶん
石片,せきへん
惜別,せきべつ
責務,せきむ
赤面,せきめん
石油,せきゆ
赤痢,せきり
関脇,せきわけ
世間,せけん
世間体,せけんてい
世俗,せぞく
世帯,せたい
世帯主,せたいぬし
背丈,せたけ
世代,せだい
節会,せちえ
節供,せちく
節,せつ
設営,せつえい
接岸,せつがん
節減,せつげん
節税,せつぜい
接続,せつぞく
切断,せつだん
節電,せつでん
節度,せつど
設備,せつび
接尾語,せつびご
節分,せつぶん
説明,せつめい
雪面,せつめん
設問,せつもん
節約,せつやく
摂理,せつり
設立,せつりつ
説話,せつわ
瀬戸,せと
瀬戸際,せとぎわ
瀬戸物,せともの
背中,せなか
背伸び,せのび
背鰭,せびれ
背広,せびろ
背骨,せぼね
蝉,せみ
攻め手,せめて
背凭れ,せもたれ
芹,せり
競り売り,せりうり
台詞,せりふ
世論,せろん
世話,せわ
世話人,せわにん
戦,せん
戦意,せんい
戦域,せんいき
選一,せんいつ
船員,せんいん
先鋭,せんえい
専科,せんか
旋回,せんかい
専管,せんかん
洗眼,せんがん
戦記,せんき
千切り,せんぎり
先駆,せんく
線形,せんけい
先決,せんけつ
先見,せんけん
先月,せんげつ
宣言,せんげん
千古,せんこ
宣告,せんこく
戦後,せんご
戦国,せんごく
戦災,せんさい
詮索,せんさく
潜在,せんざい
戦史,せんし
泉質,せんしつ
先進,せんしん
扇子,せんす
潜水,せんすい
先制,せんせい
戦績,せんせき
宣戦,せんせん
戦前,せんぜん
洗足,せんそく
先祖,せんぞ
専属,せんぞく
船体,せんたい
洗濯,せんたく
選択肢,せんたくし
先端,せんたん
先代,せんだい
先達,せんだつ
船団,せんだん
戦地,せんち
先手,せんて
選定,せんてい
銑鉄,せんてつ
先天,せんてん
宣伝,せんでん
遷都,せんと
鮮度,せんど
千日手,せんにちて
専任,せんにん
専念,せんねん
先約,せんやく
戦乱,せんらん
千里眼,せんりがん
戦慄,せんりつ
先例,せんれい
戦列,せんれつ
線路,せんろ
税,ぜい
税関,ぜいかん
税額,ぜいがく
税金,ぜいきん
税込み,ぜいこみ
税制,ぜいせい
贅沢,ぜいたく
贅肉,ぜいにく
税務,ぜいむ
税目,ぜいもく
税理士,ぜいりし
税率,ぜいりつ
是正,ぜせい
是々非々,ぜぜひひ
絶縁,ぜつえん
絶命,ぜつめい
絶滅,ぜつめつ
銭,ぜに
銭入れ,ぜにいれ
是認,ぜにん
善,ぜん
善悪,ぜんあく
全域,ぜんいき
前衛,ぜんえい
全音,ぜんおん
全科,ぜんか
全壊,ぜんかい
全巻,ぜんかん
全額,ぜんがく
前記,ぜんき
全軍,ぜんぐん
前傾,ぜんけい
全権,ぜんけん
前月,ぜんげつ
前言,ぜんげん
全戸,ぜんこ
全国,ぜんこく
前後,ぜんご
善後策,ぜんごさく
前妻,ぜんさい
前作,ぜんさく
前座,ぜんざ
善哉,ぜんざい
全市,ぜんし
前進,ぜんしん
前世,ぜんせ
全盛,ぜんせい
前節,ぜんせつ
善戦,ぜんせん
喘息,ぜんそく
全体,ぜんたい
前代,ぜんだい
善玉,ぜんだま
全治,ぜんち
前庭,ぜんてい
全天,ぜんてん
禅寺,ぜんでら
前途,ぜんと
善徳,ぜんとく
全土,ぜんど
前任,ぜんにん
前年,ぜんねん
前半,ぜんはん
前夜,ぜんや
全裸,ぜんら
前輪,ぜんりん
前例,ぜんれい
前歴,ぜんれき
前列,ぜんれつ
素案,そあん
訴因,そいん
添え書き,そえがき
疎開,そかい
組閣,そかく
疎外,そがい
則,そく
即位,そくい
促音,そくおん
息災,そくさい
即座,そくざ
側室,そくしつ
促進,そくしん
促成,そくせい
即席,そくせき
側線,そくせん
速達,そくたつ
即断,そくだん
測地,そくち
測定,そくてい
速度,そくど
即発,そくはつ
即売,そくばい
束縛,そくばく
側壁,そくへき
側面,そくめん
狙撃,そげき
底,そこ
底上げ,そこあげ
そこら,そこら
祖国,そこく
底無し,そこなし
底抜け,そこぬけ
底値,そこね
底冷え,そこびえ
底光り,そこびかり
齟齬,そご
素材,そざい
阻止,そし
組織,そしき
素質,そしつ
粗品,そしな
疎水,そすい
組成,そせい
礎石,そせき
祖先,そせん
租税,そぜい
措置,そち
そつ,そつ
訴追,そつい
卒園,そつえん
卒論,そつろん
袖,そで
袖口,そでぐち
外,そと
外側,そとがわ
外法,そとのり
卒塔婆,そとば
外堀,そとぼり
外回り,そとまわり
其方,そなた
苑,その
その頃,そのころ
その後,そのご
其先,そのさき
その他,そのた
其分,そのぶん
其辺,そのへん
其道,そのみち
其の者,そのもの
傍,そば
祖父,そふ
祖父母,そふぼ
素振り,そぶり
祖母,そぼ
そぼろ,そぼろ
染め物,そめもの
空,そら
空色,そらいろ
空言,そらごと
空似,そらに
空豆,そらまめ
空耳,そらみみ
橇,そり
祖霊,それい
それなり,それなり
十露盤,そろばん
村営,そんえい
損益,そんえき
損壊,そんかい
損害,そんがい
損金,そんきん
村議,そんぎ
尊敬,そんけい
存在,そんざい
存在詞,そんざいし
尊師,そんし
損失,そんしつ
存続,そんぞく
損得,そんとく
村落,そんらく
存立,そんりつ
沿い,ぞい
属,ぞく
続柄,ぞくがら
賊軍,ぞくぐん
俗語,ぞくご
続伸,ぞくしん
属性,ぞくせい
俗説,ぞくせつ
続発,ぞくはつ
続編,ぞくへん
続落,ぞくらく
他愛,たあい
他意,たい
大安,たいあん
退位,たいい
帯域,たいいき
体育,たいいく
退院,たいいん
退役,たいえき
体温,たいおん
退化,たいか
退会,たいかい
体格,たいかく
大観,たいかん
大河,たいが
対外,たいがい
退学,たいがく
対岸,たいがん
待機,たいき
大金,たいきん
大義,たいぎ
対義語,たいぎご
退屈,たいくつ
大群,たいぐん
体形,たいけい
対決,たいけつ
体験,たいけん
体現,たいげん
太古,たいこ
大国,たいこく
太鼓判,たいこばん
大佐,たいさ
大作,たいさく
退散,たいさん
滞在,たいざい
大山,たいざん
大使,たいし
退室,たいしつ
対審,たいしん
耐水,たいすい
大成,たいせい
堆積,たいせき
大雪,たいせつ
対戦,たいせん
大全,たいぜん
対談,たいだん
退廷,たいてい
大敵,たいてき
体得,たいとく
態度,たいど
胎内,たいない
退任,たいにん
耐熱,たいねつ
大破,たいは
大敗,たいはい
大半,たいはん
体罰,たいばつ
胎盤,たいばん
対比,たいひ
貸付,たいふ
退部,たいぶ
大別,たいべつ
退歩,たいほ
大木,たいぼく
大麻,たいま
松明,たいまつ
待命,たいめい
対面,たいめん
鯛焼き,たいやき
大役,たいやく
貸与,たいよ
大陸,たいりく
対立,たいりつ
大輪,たいりん
隊列,たいれつ
退路,たいろ
対話,たいわ
田植え,たうえ
絶え間,たえま
多寡,たか
他界,たかい
高鼾,たかいびき
多角,たかく
多角形,たかくけい
高潮,たかしお
高台,たかだい
高跳び,たかとび
高波,たかなみ
高値,たかね
高望み,たかのぞみ
高床,たかゆか
宝,たから
宝船,たからぶね
宝物,たからもの
箍,たが
互い,たがい
滝,たき
炊き出し,たきだし
滝壺,たきつぼ
焚き火,たきび
多義語,たぎご
宅,たく
沢庵,たくあん
択一,たくいつ
卓越,たくえつ
宅地,たくち
宅配,たくはい
托鉢,たくはつ
拓本,たくほん
内匠,たくみ
類い,たぐい
丈,たけ
竹馬,たけうま
竹篭,たけかご
丈比べ,たけくらべ
竹細工,たけざいく
竹取,たけとり
筍,たけのこ
竹籤,たけひご
竹藪,たけやぶ
多言,たげん
凧,たこ
蛸焼き,たこやき
他言,たごん
多作,たさく
多産,たさん
足し算,たしざん
多湿,たしつ
襷,たすき
襷掛け,たすきがけ
助け船,たすけぶね
他薦,たせん
多勢,たぜい
三和土,たたき
叩き台,たたきだい
畳,たたみ
たたら,たたら
只今,ただいま
只事,ただごと
直中,ただなか
只乗り,ただのり
たち,たち
立会,たちあい
立入,たちいり
太刀魚,たちうお
太刀打ち,たちうち
立ち木,たちき
立ち消え,たちぎえ
立ち聞き,たちぎき
立ち食い,たちぐい
立場,たちば
橘,たちばな
立ち見,たちみ
立ち読み,たちよみ
辰,たつ
竜巻,たつまき
盾,たて
竪穴,たてあな
縦糸,たていと
建て売り,たてうり
縦画,たてかく
縦書き,たてがき
鬣,たてがみ
建具,たてぐ
竪琴,たてごと
建坪,たてつぼ
縦波,たてなみ
立て膝,たてひざ
立て札,たてふだ
縦笛,たてぶえ
建て前,たてまえ
建て増し,たてまし
建物,たてもの
建屋,たてや
縦揺れ,たてゆれ
縦割り,たてわり
蓼,たで
多読,たどく
棚,たな
棚上げ,たなあげ
棚卸し,たなおろし
店子,たなこ
たなご,たなご
七夕,たなばた
谷,たに
谷あい,たにあい
谷川,たにがわ
谷底,たにそこ
谷間,たにま
他人,たにん
狸,たぬき
種,たね
種油,たねあぶら
種芋,たねいも
種切れ,たねぎれ
種蒔き,たねまき
多年,たねん
田畑,たはた
多発,たはつ
束,たば
多売,たばい
たばこ,たばこ
旅,たび
旅先,たびさき
旅鳥,たびどり
旅人,たびびと
食べ頃,たべごろ
食べ物,たべもの
弾,たま
玉串,たまぐし
卵,たまご
卵焼き,たまごやき
魂,たましい
玉突き,たまつき
玉葱,たまねぎ
玉虫,たまむし
賜物,たまもの
溜まり場,たまりば
民,たみ
溜め息,ためいき
溜め池,ためいけ
多面,ためん
たも,たも
袂,たもと
便り,たより
鱈,たら
盥,たらい
鱈子,たらこ
他力,たりき
樽,たる
垂木,たるき
たれ,たれ
垂れ幕,たれまく
たわい,たわい
戯言,たわごと
束子,たわし
俵,たわら
痰,たん
炭化,たんか
嘆願,たんがん
短期,たんき
探検,たんけん
単元,たんげん
単語,たんご
探査,たんさ
探索,たんさく
単産,たんさん
短冊,たんざく
短資,たんし
短針,たんしん
箪笥,たんす
淡水,たんすい
丹精,たんせい
単線,たんせん
炭素,たんそ
嘆息,たんそく
単体,たんたい
短大,たんだい
探知,たんち
探偵,たんてい
丹田,たんでん
単独,たんどく
担任,たんにん
短絡,たんらく
代,だい
代案,だいあん
第一義,だいいちぎ
代価,だいか
大寒,だいかん
大学,だいがく
大吉,だいきち
代金,だいきん
代議員,だいぎいん
代議士,だいぎし
大工,だいく
台形,だいけい
大根,だいこん
醍醐味,だいごみ
台座,だいざ
題材,だいざい
台紙,だいし
大卒,だいそつ
代替,だいたい
大腿部,だいたいぶ
代打,だいだ
代々,だいだい
台地,だいち
代読,だいどく
台所,だいどころ
大納言,だいなごん
台秤,だいばかり
代筆,だいひつ
大仏,だいぶつ
代弁,だいべん
台本,だいほん
題名,だいめい
代名詞,だいめいし
題目,だいもく
代役,だいやく
代理,だいり
大理石,だいりせき
代理人,だいりにん
唾液,だえき
楕円,だえん
打開,だかい
駄菓子,だがし
濁音,だくおん
濁点,だくてん
妥結,だけつ
打撃,だげき
駄作,ださく
打算,ださん
出汁,だし
出し入れ,だしいれ
出し物,だしもの
打診,だしん
惰性,だせい
打席,だせき
打線,だせん
蛇足,だそく
駄賃,だちん
脱,だつ
脱衣,だつい
脱獄,だつごく
脱税,だつぜい
脱落,だつらく
脱輪,だつりん
伊達巻き,だてまき
打点,だてん
打電,だでん
壁蝨,だに
打破,だは
拿捕,だほ
打撲,だぼく
惰眠,だみん
堕落,だらく
打率,だりつ
達磨,だるま
誰,だれ
団,だん
弾圧,だんあつ
団員,だんいん
団塊,だんかい
弾劾,だんがい
弾丸,だんがん
暖気,だんき
談議,だんぎ
団結,だんけつ
断言,だんげん
弾痕,だんこん
団子,だんご
段差,だんさ
断罪,だんざい
男子,だんし
断水,だんすい
弾性,だんせい
断線,だんせん
断絶,だんぜつ
断続,だんぞく
団体,だんたい
団地,だんち
断定,だんてい
段取り,だんどり
旦那,だんな
断熱,だんねつ
断念,だんねん
弾薬,だんやく
段落,だんらく
団欒,だんらん
暖炉,だんろ
談話,だんわ
治安,ちあん
地位,ちい
地域,ちいき
地衣類,ちいるい
知恵,ちえ
遅延,ちえん
知恩,ちおん
地下,ちか
地階,ちかい
知覚,ちかく
地下茎,ちかけい
近頃,ちかごろ
地下鉄,ちかてつ
近場,ちかば
近道,ちかみち
力,ちから
力添え,ちからぞえ
置換,ちかん
違い棚,ちがいだな
地学,ちがく
知己,ちき
千木,ちぎ
地銀,ちぎん
地区,ちく
蓄音機,ちくおんき
畜産,ちくさん
蓄財,ちくざい
蓄積,ちくせき
乳首,ちくび
竹輪,ちくわ
千草,ちぐさ
地形,ちけい
地検,ちけん
遅刻,ちこく
稚児,ちご
地裁,ちさい
治山,ちさん
血潮,ちしお
知識,ちしき
地質,ちしつ
知新,ちしん
治水,ちすい
地勢,ちせい
地政学,ちせいがく
遅滞,ちたい
乳,ちち
父上,ちちうえ
父親,ちちおや
父方,ちちかた
膣,ちつ
地底,ちてい
地点,ちてん
千鳥,ちどり
地熱,ちねつ
血の気,ちのけ
乳飲み子,ちのみご
遅配,ちはい
ちび,ちび
乳房,ちぶさ
地平,ちへい
地歩,ちほ
粽,ちまき
巷,ちまた
血眼,ちまなこ
血豆,ちまめ
血道,ちみち
地名,ちめい
知名度,ちめいど
治癒,ちゆ
千代,ちよ
千代紙,ちよがみ
地理,ちり
塵紙,ちりがみ
縮緬,ちりめん
亭,ちん
賃上げ,ちんあげ
鎮圧,ちんあつ
沈下,ちんか
賃金,ちんぎん
鎮魂,ちんこん
鎮座,ちんざ
沈静,ちんせい
沈潜,ちんせん
沈滞,ちんたい
沈殿,ちんでん
陳列,ちんれつ
対,つい
追憶,ついおく
追加,ついか
追記,ついき
対句,ついく
追撃,ついげき
対語,ついご
追試,ついし
追伸,ついしん
追跡,ついせき
衝立,ついたて
追突,ついとつ
追認,ついにん
追肥,ついひ
追尾,ついび
墜落,ついらく
杖,つえ
使い出,つかいで
使い物,つかいもの
束の間,つかのま
つがい,つがい
月,つき
月後れ,つきおくれ
付ききり,つききり
月極め,つきぎめ
月ごと,つきごと
付添,つきそい
月中,つきなか
月日,つきひ
付き人,つきびと
月別,つきべつ
月見,つきみ
付き物,つきもの
築山,つきやま
突き指,つきゆび
月夜,つきよ
月割り,つきわり
次,つぎ
接ぎ木,つぎき
継ぎ接ぎ,つぎはぎ
継ぎ目,つぎめ
机,つくえ
土筆,つくし
佃煮,つくだに
旁,つくり
作り手,つくりて
付け根,つけね
付け目,つけめ
漬け物,つけもの
告げ口,つげぐち
蔦,つた
土,つち
槌音,つちおと
土偏,つちへん
筒,つつ
筒そで,つつそで
筒抜け,つつぬけ
堤,つつみ
つて,つて
勉,つとめ
勤め人,つとめにん
都度,つど
綱,つな
つなぎ,つなぎ
繋ぎ目,つなぎめ
綱具,つなぐ
綱引き,つなひき
津波,つなみ
常,つね
角,つの
角笛,つのぶえ
唾,つば
椿,つばき
翼,つばさ
燕,つばめ
粒,つぶ
粒揃い,つぶぞろい
粒選り,つぶより
坪,つぼ
蕾,つぼみ
妻,つま
爪先,つまさき
罪,つみ
積み木,つみき
摘み草,つみくさ
積立,つみたて
積み荷,つみに
紬,つむぎ
爪,つめ
爪痕,つめあと
詰め襟,つめえり
艶,つや
梅雨,つゆ
梅雨明け,つゆあけ
梅雨入り,つゆいり
強腰,つよごし
強火,つよび
面当て,つらあて
面構え,つらがまえ
氷柱,つらら
釣り,つり
吊り上げ,つりあげ
釣り糸,つりいと
吊り革,つりかわ
釣り鐘,つりがね
釣り具,つりぐ
釣り竿,つりざお
釣り銭,つりせん
吊り橋,つりばし
釣り針,つりばり
釣り人,つりびと
釣り堀,つりぼり
吊り輪,つりわ
蔓,つる
蔓草,つるくさ
鶴嘴,つるはし
釣瓶,つるべ
連れ合い,つれあい
つわもの,つわもの
つわり,つわり
手垢,てあか
手足,てあし
手当て,てあて
手編み,てあみ
手洗い,てあらい
低圧,ていあつ
提案,ていあん
定員,ていいん
庭園,ていえん
低温,ていおん
低下,ていか
定款,ていかん
停学,ていがく
提起,ていき
定義,ていぎ
提携,ていけい
締結,ていけつ
定見,ていけん
低減,ていげん
定刻,ていこく
体裁,ていさい
偵察,ていさつ
停止,ていし
挺身,ていしん
訂正,ていせい
定説,ていせつ
停戦,ていせん
提訴,ていそ
停滞,ていたい
邸宅,ていたく
低地,ていち
定置網,ていちあみ
定点,ていてん
停電,ていでん
帝都,ていと
提督,ていとく
程度,ていど
定年,ていねん
停泊,ていはく
剃髪,ていはつ
定番,ていばん
底部,ていぶ
底辺,ていへん
低木,ていぼく
弟妹,ていまい
低迷,ていめい
底面,ていめん
締約,ていやく
低落,ていらく
低利,ていり
鼎立,ていりつ
手入れ,ていれ
定例,ていれい
低廉,ていれん
手打ち,てうち
手負い,ておい
手桶,ておけ
手落ち,ておち
手織り,ており
手加減,てかげん
手掛かり,てがかり
手書き,てがき
手形,てがた
手紙,てがみ
手柄,てがら
敵,てき
敵意,てきい
適温,てきおん
敵国,てきこく
適材,てきざい
敵視,てきし
適性,てきせい
敵対,てきたい
敵地,てきち
摘発,てきはつ
適否,てきひ
適役,てきやく
適齢期,てきれいき
手際,てぎわ
手癖,てくせ
手配り,てくばり
手首,てくび
手口,てぐち
梃子,てこ
梃入れ,てこいれ
手漕ぎ,てこぎ
手心,てごころ
手応え,てごたえ
手先,てさき
手探り,てさぐり
手提げ,てさげ
手触り,てざわり
手下,てした
手漉き,てすき
手摺り,てすり
手製,てせい
手出し,てだし
手助け,てだすけ
手立て,てだて
手玉,てだま
手練,てだれ
手違い,てちがい
鉄,てつ
手番,てつがい
哲学,てつがく
手付き,てつき
手付け,てつけ
鉄材,てつざい
鉄製,てつせい
鉄瓶,てつびん
鉄分,てつぶん
徹夜,てつや
鉄腕,てつわん
手直し,てなおし
手並み,てなみ
手習い,てならい
手抜かり,てぬかり
手抜き,てぬき
手拭い,てぬぐい
手の平,てのひら
手配,てはい
手羽,てば
手引き,てびき
手拭き,てふき
手袋,てぶくろ
手振り,てぶり
手偏,てへん
手解き,てほどき
手本,てほん
手間,てま
手前,てまえ
手招き,てまねき
手間隙,てまひま
手回し,てまわし
手回り,てまわり
手持ち,てもち
手元,てもと
手役,てやく
寺,てら
寺子屋,てらこや
照り焼き,てりやき
手分け,てわけ
典,てん
転移,てんい
店員,てんいん
添加,てんか
展開,てんかい
天下一,てんかいち
点画,てんかく
転換,てんかん
転記,てんき
転勤,てんきん
天狗,てんぐ
天草,てんぐさ
典型,てんけい
点検,てんけん
点呼,てんこ
篆刻,てんこく
天国,てんごく
点差,てんさ
転載,てんさい
添削,てんさく
点在,てんざい
転身,てんしん
転生,てんせい
転籍,てんせき
転戦,てんせん
天体,てんたい
転地,てんち
天敵,てんてき
転轍機,てんてつき
天丼,てんどん
転任,てんにん
天然,てんねん
点訳,てんやく
転落,てんらく
展覧,てんらん
天理,てんり
出足,であし
泥岩,でいがん
泥酔,でいすい
出入り,でいり
でか,でか
出稼ぎ,でかせぎ
出方,でかた
出掛け,でがけ
出涸らし,でがらし
出来合い,できあい
出来心,できごころ
出来事,できごと
出来高,できだか
出来栄え,できばえ
出来物,できもの
出口,でぐち
出盛り,でさかり
出先,でさき
弟子,でし
弟子入り,でしいり
出だし,でだし
出端,でばな
出刃,でば
出番,でばん
出船,でふね
出前,でまえ
出窓,でまど
出店,でみせ
出物,でもの
電圧,でんあつ
電位,でんい
田園,でんえん
電化,でんか
田楽,でんがく
伝記,でんき
電撃,でんげき
電源,でんげん
伝言,でんごん
電算,でんさん
電子,でんし
田紳,でんしん
伝染,でんせん
電卓,でんたく
伝達,でんたつ
田地,でんち
電鉄,でんてつ
電熱,でんねつ
伝来,でんらい
伝令,でんれい
電炉,でんろ
電話,でんわ
投網,とあみ
問,とい
吐息,といき
砥石,といし
都営,とえい
都下,とか
都会,とかい
時,とき
鴇色,ときいろ
常磐,ときわ
常磐木,ときわぎ
都議,とぎ
徳,とく
得意顔,とくいがお
得意先,とくいさき
特技,とくぎ
得策,とくさく
特撮,とくさつ
特産,とくさん
特使,とくし
得失,とくしつ
得心,とくしん
特製,とくせい
特設,とくせつ
特選,とくせん
督促,とくそく
特大,とくだい
特定,とくてい
得点,とくてん
得度,とくど
特派員,とくはいん
特売,とくばい
特番,とくばん
特筆,とくひつ
読本,とくほん
特務,とくむ
匿名,とくめい
徳目,とくもく
特約,とくやく
徳利,とくり
督励,とくれい
戸口,とぐち
戸車,とぐるま
とぐろ,とぐろ
時計,とけい
吐血,とけつ
刺,とげ
床,とこ
床上げ,とこあげ
とこしえ,とこしえ
常夏,とこなつ
床の間,とこのま
床屋,とこや
所,ところ
所書き,ところがき
心太,ところてん
とさか,とさか
外様,とざま
登山,とざん
登山口,とざんぐち
年,とし
年上,としうえ
年男,としおとこ
年女,としおんな
年嵩,としかさ
年越し,としこし
年子,としご
年頃,としごろ
年下,としした
年半,としなか
年の瀬,としのせ
年寄り,としより
都心,としん
渡世,とせい
都税,とぜい
途絶,とぜつ
屠蘇,とそ
途端,とたん
戸棚,とだな
土地,とち
土地柄,とちがら
凸,とつ
突撃,とつげき
徒弟,とてい
都電,とでん
椴,とど
届,とどけ
届出,とどけいで
隣り,となり
隣組,となりぐみ
殿,との
殿様,とのさま
賭博,とばく
鳶,とび
飛び石,とびいし
飛び入り,とびいり
鳶色,とびいろ
飛魚,とびうお
鳶口,とびぐち
跳び箱,とびばこ
飛び火,とびひ
扉,とびら
都府県,とふけん
徒歩,とほ
戸前,とまえ
止まり木,とまりぎ
富,とみ
都民,とみん
留め金,とめがね
留め具,とめぐ
止め処,とめど
留め針,とめばり
供,とも
共食い,ともぐい
灯し火,ともしび
共倒れ,ともだおれ
友達,ともだち
寅,とら
渡来,とらい
虎の子,とらのこ
虎の巻,とらのまき
酉,とり
鳥居,とりい
取り柄,とりえ
取り口,とりくち
取組,とりくみ
虜,とりこ
鳥小屋,とりごや
取りざた,とりざた
都立,とりつ
砦,とりで
取留,とりとめ
鳥肉,とりにく
酉の市,とりのいち
鳥肌,とりはだ
取り引き,とりひき
鳥目,とりめ
取れ高,とれだか
吐露,とろ
とろ火,とろび
とろみ,とろみ
薯蕷,とろろ
頓挫,とんざ
頓知,とんち
問屋,とんや
度合い,どあい
土管,どかん
度外視,どがいし
土器,どき
度肝,どぎも
毒,どく
独学,どくがく
読後,どくご
独裁,どくさい
独身,どくしん
毒性,どくせい
独占,どくせん
毒舌,どくぜつ
独善,どくぜん
毒素,どくそ
どくだみ,どくだみ
独断,どくだん
毒血,どくち
読破,どくは
独白,どくはく
毒物,どくぶつ
独文,どくぶん
毒見,どくみ
毒虫,どくむし
毒薬,どくやく
独立,どくりつ
髑髏,どくろ
土建,どけん
土下座,どげざ
土質,どしつ
土星,どせい
土足,どそく
土台,どだい
どちら,どちら
土手,どて
どてら,どてら
どなた,どなた
土瓶,どびん
土木,どぼく
土間,どま
銅鑼声,どらごえ
奴隷,どれい
泥,どろ
泥縄,どろなわ
泥沼,どろぬま
度忘れ,どわすれ
鈍,どん
鈍化,どんか
鈍角,どんかく
どんぐり,どんぐり
どん底,どんぞこ
曇天,どんてん
内縁,ないえん
内科,ないか
内海,ないかい
内角,ないかく
内外,ないがい
内規,ないき
内径,ないけい
内国,ないこく
内在,ないざい
内省,ないせい
内戦,ないせん
内諾,ないだく
内地,ないち
内偵,ないてい
内紛,ないふん
内部,ないぶ
内分,ないぶん
内壁,ないへき
内膜,ないまく
内務,ないむ
内面,ないめん
内野,ないや
内乱,ないらん
内陸,ないりく
苗,なえ
苗木,なえぎ
苗床,なえどこ
名折れ,なおれ
中,なか
中入り,なかいり
仲買,なかがい
中頃,なかごろ
中州,なかす
仲違い,なかたがい
仲立ち,なかだち
中弛み,なかだるみ
中継ぎ,なかつぎ
中点,なかてん
仲直り,なかなおり
中庭,なかにわ
中日,なかび
中程,なかほど
仲間,なかま
仲間内,なかまうち
中幕,なかまく
中身,なかみ
中休み,なかやすみ
中指,なかゆび
仲良し,なかよし
長雨,ながあめ
長居,ながい
長生き,ながいき
長唄,ながうた
長靴,ながぐつ
流し台,ながしだい
長袖,ながそで
長旅,ながたび
長月,ながつき
長年,ながねん
長持ち,ながもち
長屋,ながや
長湯,ながゆ
流れ弾,ながれだま
亡き後,なきあと
泣き顔,なきがお
亡き骸,なきがら
泣き声,なきごえ
泣き言,なきごと
亡き人,なきひと
泣きべそ,なきべそ
泣き虫,なきむし
凪,なぎ
渚,なぎさ
なぎなた,なぎなた
慰み,なぐさみ
なけなし,なけなし
投げ売り,なげうり
投げ槍,なげやり
名残り,なごり
情け,なさけ
梨,なし
茄子,なす
謎,なぞ
謎解き,なぞとき
謎々,なぞなぞ
鉈,なた
菜種,なたね
灘,なだ
雪崩,なだれ
夏,なつ
捺印,なついん
夏枯れ,なつがれ
夏場,なつば
夏ばて,なつばて
夏物,なつもの
撫斬,なでぎり
撫子,なでしこ
七色,なないろ
七草,ななくさ
七光,ななひかり
何,なに
なにがし,なにがし
何事,なにごと
何物,なにもの
名主,なぬし
菜の花,なのはな
名札,なふだ
鍋,なべ
鍋蓋,なべぶた
生,なま
名前,なまえ
生菓子,なまがし
生木,なまき
怠け者,なまけもの
なまこ,なまこ
生塵,なまごみ
生魚,なまざかな
生卵,なまたまご
生煮え,なまにえ
生剥げ,なまはげ
生身,なまみ
生物,なまもの
鉛,なまり
並み,なみ
波風,なみかぜ
並木,なみき
並製,なみせい
涙,なみだ
涙声,なみだごえ
波乗り,なみのり
波間,なみま
なめこ,なめこ
納屋,なや
名寄せ,なよせ
楢,なら
奈落,ならく
習わし,ならわし
なり,なり
成り金,なりきん
形振り,なりふり
鳴り物,なりもの
成り行き,なりゆき
生業,なりわい
鳴子,なるこ
縄,なわ
苗代,なわしろ
縄跳び,なわとび
縄張り,なわばり
難,なん
南下,なんか
南海,なんかい
難関,なんかん
軟禁,なんきん
難儀,なんぎ
難癖,なんくせ
軟骨,なんこつ
南国,なんごく
難産,なんざん
軟式,なんしき
南進,なんしん
軟水,なんすい
南西,なんせい
難船,なんせん
南端,なんたん
難題,なんだい
難敵,なんてき
南天,なんてん
何度,なんど
荷揚げ,にあげ
兄さん,にいさん
煮え湯,にえゆ
膠,にかわ
似顔絵,にがおえ
にがり,にがり
苦笑い,にがわらい
にきび,にきび
肉,にく
肉眼,にくがん
憎しみ,にくしみ
肉親,にくしん
肉声,にくせい
肉体,にくたい
肉薄,にくはく
肉離れ,にくばなれ
肉筆,にくひつ
肉屋,にくや
肉類,にくるい
荷車,にぐるま
逃げ足,にげあし
逃げ口,にげぐち
逃げ腰,にげごし
逃げ場,にげば
逃げ道,にげみち
二元論,にげんろん
煮魚,にざかな
西,にし
西明,にしあかり
錦,にしき
錦絵,にしきえ
西日,にしび
鰊,にしん
二水,にすい
偽,にせ
偽札,にせさつ
偽物,にせもの
煮炊き,にたき
荷台,にだい
日,にち
日限,にちげん
日没,にちぼつ
日夜,にちや
日輪,にちりん
煮付け,につけ
担い手,にないて
荷主,にぬし
二の足,にのあし
二の次,にのつぎ
二の舞い,にのまい
荷札,にふだ
煮干し,にぼし
二枚目,にまいめ
煮豆,にまめ
荷物,にもつ
煮物,にもの
にら,にら
二輪,にりん
庭,にわ
庭石,にわいし
仁輪加,にわか
俄か雨,にわかあめ
庭木,にわき
庭先,にわさき
鶏,にわとり
任,にん
認可,にんか
任官,にんかん
任期,にんき
人気者,にんきもの
人間,にんげん
認識,にんしき
妊娠,にんしん
忍耐,にんたい
認諾,にんだく
認知,にんち
認定,にんてい
大蒜,にんにく
縫い代,ぬいしろ
縫い目,ぬいめ
縫い物,ぬいもの
糠,ぬか
糠雨,ぬかあめ
糠味噌,ぬかみそ
抜き打ち,ぬきうち
抜き書き,ぬきがき
抜き差し,ぬきさし
抜き手,ぬきて
抜け穴,ぬけあな
抜け駆け,ぬけがけ
抜け殻,ぬけがら
抜け毛,ぬけげ
抜け道,ぬけみち
抜け目,ぬけめ
主,ぬし
布,ぬの
布製,ぬのせい
布袋,ぬのぶくろ
沼,ぬま
沼地,ぬまち
塗り絵,ぬりえ
塗り物,ぬりもの
微温湯,ぬるまゆ
濡れ縁,ぬれえん
濡れ衣,ぬれぎぬ
値上がり,ねあがり
値上げ,ねあげ
寝汗,ねあせ
寝息,ねいき
音色,ねいろ
値打ち,ねうち
姉さん,ねえさん
寝起き,ねおき
願,ねがい
寝顔,ねがお
葱,ねぎ
寝癖,ねぐせ
ねぐら,ねぐら
猫,ねこ
猫車,ねこぐるま
猫背,ねこぜ
猫糞,ねこばば
猫柳,ねこやなぎ
寝心地,ねごこち
寝言,ねごと
値頃,ねごろ
値下がり,ねさがり
値下げ,ねさげ
寝覚め,ねざめ
寝しな,ねしな
寝姿,ねすがた
寝たきり,ねたきり
根絶やし,ねだやし
値段,ねだん
熱,ねつ
熱意,ねつい
熱演,ねつえん
熱源,ねつげん
熱弁,ねつべん
寝泊まり,ねとまり
寝床,ねどこ
粘り気,ねばりけ
寝冷え,ねびえ
値引き,ねびき
値札,ねふだ
寝袋,ねぶくろ
寝間,ねま
寝間着,ねまき
根回し,ねまわし
寝耳,ねみみ
合歓,ねむ
眠気,ねむけ
根元,ねもと
根雪,ねゆき
練り物,ねりもの
根分け,ねわけ
寝技,ねわざ
年,ねん
年明け,ねんあけ
粘液,ねんえき
年会,ねんかい
年間,ねんかん
年賀,ねんが
年額,ねんがく
念願,ねんがん
年季,ねんき
年金,ねんきん
年貢,ねんぐ
年月,ねんげつ
年限,ねんげん
年産,ねんさん
捻挫,ねんざ
年始,ねんし
年代,ねんだい
年度,ねんど
ねんねこ,ねんねこ
年利,ねんり
念力,ねんりき
年率,ねんりつ
年輪,ねんりん
年齢,ねんれい
野荒らし,のあらし
野飼い,のがい
軒,のき
軒先,のきさき
軒下,のきした
軒端,のきば
芒,のぎ
禾偏,のぎへん
除け者,のけもの
のこぎり,のこぎり
残り香,のこりか
残り物,のこりもの
野晒し,のざらし
熨斗,のし
熨斗紙,のしがみ
伸し餅,のしもち
覗き見,のぞきみ
後,のち
後々,のちのち
野天,のてん
喉,のど
喉ごし,のどごし
喉元,のどもと
野原,のはら
野放し,のばなし
野薔薇,のばら
野火,のび
延び延び,のびのび
のぶん,のぶん
延べ,のべ
幟,のぼり
上り坂,のぼりざか
上り線,のぼりせん
蚤,のみ
飲み食い,のみくい
飲み口,のみくち
飲み代,のみしろ
飲み過ぎ,のみすぎ
野道,のみち
飲み物,のみもの
飲み屋,のみや
野焼き,のやき
野山,のやま
野良,のら
野良犬,のらいぬ
海苔,のり
乗り降り,のりおり
糊代,のりしろ
乗り手,のりて
祝詞,のりと
乗り場,のりば
海苔巻き,のりまき
乗り物,のりもの
暖簾,のれん
のろし,のろし
把握,はあく
廃,はい
廃案,はいあん
配意,はいい
灰石,はいいし
灰色,はいいろ
敗因,はいいん
廃液,はいえき
排煙,はいえん
廃屋,はいおく
配下,はいか
徘徊,はいかい
廃刊,はいかん
胚芽,はいが
廃棄,はいき
拝金,はいきん
俳句,はいく
背景,はいけい
拝見,はいけん
排撃,はいげき
背後,はいご
廃材,はいざい
灰皿,はいざら
廃止,はいし
配信,はいしん
排水,はいすい
排斥,はいせき
排泄,はいせつ
敗戦,はいせん
廃絶,はいぜつ
配膳,はいぜん
敗訴,はいそ
配属,はいぞく
排他,はいた
敗退,はいたい
配達,はいたつ
俳壇,はいだん
配置,はいち
配点,はいてん
配電,はいでん
拝読,はいどく
背任,はいにん
廃品,はいひん
配備,はいび
配付,はいふ
廃部,はいぶ
廃物,はいぶつ
配分,はいぶん
排便,はいべん
配本,はいほん
敗北,はいぼく
背面,はいめん
肺門,はいもん
配役,はいやく
排卵,はいらん
拝礼,はいれい
配列,はいれつ
栄え,はえ
生え際,はえぎわ
延縄,はえなわ
生え抜き,はえぬき
羽音,はおと
羽織,はおり
墓,はか
破壊,はかい
墓石,はかいし
博士,はかせ
墓場,はかば
袴,はかま
墓参り,はかまいり
秤,はかり
謀,はかりごと
葉書き,はがき
歯形,はがた
鋼,はがね
破棄,はき
吐き気,はきけ
掃き溜め,はきだめ
履き物,はきもの
萩,はぎ
歯軋り,はぎしり
接ぎ目,はぎめ
歯切れ,はぎれ
博,はく
博愛,はくあい
白亜紀,はくあき
白衣,はくい
白煙,はくえん
迫害,はくがい
博学,はくがく
迫撃,はくげき
白菜,はくさい
白紙,はくし
迫真,はくしん
剥製,はくせい
白雪,はくせつ
白線,はくせん
剥奪,はくだつ
白熱,はくねつ
白眉,はくび
博物,はくぶつ
白墨,はくぼく
白米,はくまい
薄膜,はくまく
舶来,はくらい
博覧,はくらん
剥離,はくり
白露,はくろ
歯茎,はぐき
歯車,はぐるま
刷毛,はけ
波形,はけい
捌け口,はけぐち
派遣,はけん
禿鷹,はげたか
禿鷲,はげわし
箱,はこ
箱入り,はこいり
箱庭,はこにわ
方舟,はこぶね
繁縷,はこべ
羽子板,はごいた
歯応え,はごたえ
羽衣,はごろも
破砕,はさい
鋏,はさみ
破産,はさん
端境期,はざかいき
葉桜,はざくら
狭間,はざま
橋,はし
麻疹,はしか
端書き,はしがき
端くれ,はしくれ
艀,はしけ
橋桁,はしげた
梯子,はしご
端々,はしばし
柱,はしら
蓮,はす
斜交い,はすかい
派生,はせい
沙魚,はぜ
破損,はそん
旗,はた
旗揚げ,はたあげ
旗色,はたいろ
機織り,はたおり
はたき,はたき
畑,はたけ
畑作,はたさく
畑地,はたち
旗振り,はたふり
傍目,はため
旗本,はたもと
破綻,はたん
肌,はだ
肌色,はだいろ
裸,はだか
裸馬,はだかうま
肌着,はだぎ
肌触り,はだざわり
裸足,はだし
肌身,はだみ
破断,はだん
蜂,はち
鉢植え,はちうえ
破竹,はちく
蜂鳥,はちどり
鉢巻き,はちまき
蜂蜜,はちみつ
初,はつ
発案,はつあん
発育,はついく
発煙,はつえん
発音,はつおん
発芽,はつが
初釜,はつがま
発癌,はつがん
発議,はつぎ
発現,はつげん
初恋,はつこい
初霜,はつしも
発電,はつでん
初荷,はつに
初値,はつね
発熱,はつねつ
初乗り,はつのり
発売,はつばい
初参り,はつまいり
初孫,はつまご
初耳,はつみみ
発明,はつめい
初物,はつもの
初役,はつやく
初雪,はつゆき
初夢,はつゆめ
発令,はつれい
発露,はつろ
果てし,はてし
鳩,はと
波止場,はとば
歯止め,はどめ
はな,はな
鼻息,はないき
鼻歌,はなうた
鼻緒,はなお
花形,はながた
花柄,はながら
花曇り,はなぐもり
鼻声,はなごえ
花暦,はなごよみ
鼻先,はなさき
花盛り,はなざかり
話,はなし
話し声,はなしごえ
花園,はなぞの
花束,はなたば
花便り,はなだより
花時,はなどき
花畑,はなばたけ
花火,はなび
花冷え,はなびえ
花びら,はなびら
花房,はなぶさ
花丸,はなまる
花見,はなみ
花道,はなみち
はなむけ,はなむけ
花婿,はなむこ
鼻持ち,はなもち
花屋,はなや
花嫁,はなよめ
歯並び,はならび
離れ業,はなれわざ
塙,はなわ
埴輪,はにわ
羽根,はね
羽根突,はねつき
母,はは
母上,ははうえ
母親,ははおや
母方,ははかた
母子草,ははこぐさ
幅,はば
派閥,はばつ
幅跳び,はばとび
波布,はぶ
羽二重,はぶたえ
羽振り,はぶり
派兵,はへい
破片,はへん
浜,はま
葉巻,はまき
蛤,はまぐり
はまち,はまち
浜辺,はまべ
破魔矢,はまや
歯磨き,はみがき
羽目,はめ
羽目板,はめいた
破滅,はめつ
刃物,はもの
破門,はもん
早打ち,はやうち
早起き,はやおき
早合点,はやがてん
早鐘,はやがね
早口,はやくち
早咲き,はやざき
囃子,はやし
早瀬,はやせ
疾風,はやて
早寝,はやね
早場米,はやばまい
早引け,はやびけ
隼,はやぶさ
早道,はやみち
早耳,はやみみ
早技,はやわざ
原,はら
払い腰,はらいごし
腹癒せ,はらいせ
腹掛け,はらがけ
腹違い,はらちがい
腹這,はらばい
腹鰭,はらびれ
はらわた,はらわた
波乱,はらん
梁,はり
針金,はりがね
張り紙,はりがみ
張り子,はりこ
磔,はりつけ
張り手,はりて
春,はる
遥,はるか
春風,はるかぜ
春霞,はるがすみ
春先,はるさき
春雨,はるさめ
晴,はれ
晴れ着,はれぎ
晴れ姿,はれすがた
破裂,はれつ
晴れ間,はれま
腫れ物,はれもの
刃渡り,はわたり
判,はん
犯意,はんい
反映,はんえい
半円,はんえん
半音,はんおん
半壊,はんかい
繁華街,はんかがい
反感,はんかん
版画,はんが
半額,はんがく
半期,はんき
半規管,はんきかん
版木,はんぎ
反軍,はんぐん
半径,はんけい
判決,はんけつ
版権,はんけん
反撃,はんげき
半月,はんげつ
半減,はんげん
判こ,はんこ
反骨,はんこつ
犯罪,はんざい
半紙,はんし
半身,はんしん
反省,はんせい
反戦,はんせん
反則,はんそく
半袖,はんそで
反対,はんたい
はんだ,はんだ
判断,はんだん
半月,はんつき
判定,はんてい
反転,はんてん
半時,はんとき
半年,はんとし
判読,はんどく
半日,はんにち
犯人,はんにん
半値,はんね
半々,はんはん
反落,はんらく
反乱,はんらん
半輪,はんりん
凡例,はんれい
販路,はんろ
反論,はんろん
場合,ばあい
婆さん,ばあさん
場当たり,ばあたり
倍,ばい
煤煙,ばいえん
倍加,ばいか
媒介,ばいかい
黴菌,ばいきん
陪審,ばいしん
焙煎,ばいせん
媒体,ばいたい
売店,ばいてん
売買,ばいばい
売名,ばいめい
売約,ばいやく
倍率,ばいりつ
爆音,ばくおん
麦芽,ばくが
爆撃,ばくげき
驀進,ばくしん
爆弾,ばくだん
博打,ばくち
爆竹,ばくちく
爆破,ばくは
爆発,ばくはつ
幕府,ばくふ
幕末,ばくまつ
爆薬,ばくやく
暴露,ばくろ
馬具,ばぐ
化け物,ばけもの
馬券,ばけん
場末,ばすえ
罵声,ばせい
馬体,ばたい
撥,ばち
罰,ばつ
場慣れ,ばなれ
馬肉,ばにく
馬場,ばば
場面,ばめん
薔薇,ばら
薔薇色,ばらいろ
馬力,ばりき
晩,ばん
晩夏,ばんか
挽回,ばんかい
万感,ばんかん
番外,ばんがい
晩期,ばんき
番組,ばんぐみ
番犬,ばんけん
万国,ばんこく
晩婚,ばんこん
晩産,ばんさん
番線,ばんせん
万端,ばんたん
番地,ばんち
番手,ばんて
万難,ばんなん
万人,ばんにん
晩年,ばんねん
番役,ばんやく
悲哀,ひあい
火遊び,ひあそび
日当たり,ひあたり
ひいき,ひいき
贔屓目,ひいきめ
柊,ひいらぎ
悲運,ひうん
悲歌,ひか
比較,ひかく
日影,ひかげ
光,ひかり
悲観,ひかん
彼我,ひが
被害,ひがい
日帰り,ひがえり
日傘,ひがさ
干菓子,ひがし
干潟,ひがた
日替わり,ひがわり
彼岸,ひがん
悲喜,ひき
引受,ひきうけ
挽き臼,ひきうす
引換,ひきかえ
蟇蛙,ひきがえる
引き金,ひきがね
引き際,ひきぎわ
悲喜劇,ひきげき
引き算,ひきざん
引き潮,ひきしお
引き手,ひきて
引取,ひきとり
引き戸,ひきど
挽き肉,ひきにく
轢き逃げ,ひきにげ
引分,ひきわけ
秘儀,ひぎ
ひぐま,ひぐま
ひぐらし,ひぐらし
日暮れ,ひぐれ
火消し,ひけし
否決,ひけつ
引け目,ひけめ
卑下,ひげ
悲劇,ひげき
髭根,ひげね
被告,ひこく
被告人,ひこくにん
彦星,ひこぼし
ひこ孫,ひこまご
庇護,ひご
緋鯉,ひごい
日ごと,ひごと
日頃,ひごろ
被災,ひさい
秘策,ひさく
庇,ひさし
氷雨,ひさめ
飛散,ひさん
膝,ひざ
日盛り,ひざかり
日差し,ひざし
膝元,ひざもと
皮脂,ひし
菱形,ひしがた
皮質,ひしつ
菱餅,ひしもち
砒素,ひそ
襞,ひだ
肥大,ひだい
火種,ひだね
日溜まり,ひだまり
左,ひだり
左利き,ひだりきき
左手,ひだりて
左前,ひだりまえ
被弾,ひだん
篳篥,ひちりき
筆圧,ひつあつ
棺,ひつぎ
筆舌,ひつぜつ
必然,ひつぜん
筆談,ひつだん
必読,ひつどく
筆名,ひつめい
否定,ひてい
飛天,ひてん
日照り,ひでり
秘伝,ひでん
人,ひと
一足,ひとあし
一汗,ひとあせ
一息,ひといき
一重,ひとえ
一抱え,ひとかかえ
人影,ひとかげ
ひとかど,ひとかど
人垣,ひとがき
人柄,ひとがら
人斬り,ひときり
秘匿,ひとく
人食い,ひとくい
一癖,ひとくせ
一口,ひとくち
一声,ひとこえ
一言,ひとこと
一頃,ひところ
他人事,ひとごと
人込み,ひとごみ
人様,ひとさま
人攫い,ひとさらい
人里,ひとざと
人集り,ひとだかり
人助け,ひとだすけ
人魂,ひとだま
人違い,ひとちがい
人出,ひとで
一時,ひととき
人波,ひとなみ
一握り,ひとにぎり
一晩,ひとばん
人々,ひとびと
一筆,ひとふで
人前,ひとまえ
人任せ,ひとまかせ
一幕,ひとまく
一纏め,ひとまとめ
人真似,ひとまね
一回り,ひとまわり
瞳,ひとみ
人目,ひとめ
一巡り,ひとめぐり
一役,ひとやく
一休み,ひとやすみ
独り言,ひとりごと
日時計,ひどけい
日取り,ひどり
雛,ひな
日永,ひなが
雛形,ひながた
雛菊,ひなぎく
日なた,ひなた
雛鳥,ひなどり
避難,ひなん
否認,ひにん
ひねもす,ひねもす
日の入り,ひのいり
丙午,ひのえうま
檜,ひのき
火の車,ひのくるま
火の気,ひのけ
火の手,ひのて
日の出,ひので
日の丸,ひのまる
火の元,ひのもと
批判,ひはん
非売品,ひばいひん
被曝,ひばく
火箸,ひばし
火柱,ひばしら
火鉢,ひばち
火花,ひばな
雲雀,ひばり
非番,ひばん
日々,ひび
皮膚,ひふ
被覆,ひふく
悲憤,ひふん
日歩,ひぶ
火膨れ,ひぶくれ
火蓋,ひぶた
秘仏,ひぶつ
疲弊,ひへい
日偏,ひへん
干乾し,ひぼし
被膜,ひまく
ひ孫,ひまご
日増し,ひまし
ひまわり,ひまわり
肥満,ひまん
氷室,ひむろ
姫,ひめ
悲鳴,ひめい
姫君,ひめぎみ
姫ゆり,ひめゆり
罷免,ひめん
紐,ひも
費目,ひもく
日持ち,ひもち
火元,ひもと
干物,ひもの
冷や,ひや
冷や汗,ひやあせ
日焼け,ひやけ
日雇い,ひやとい
冷やりと,ひやりと
比喩,ひゆ
日除け,ひよけ
鵯,ひよどり
日和,ひより
日和見,ひよりみ
平,ひら
飛来,ひらい
平泳ぎ,ひらおよぎ
平仮名,ひらがな
開き戸,ひらきど
平手,ひらて
平幕,ひらまく
平屋,ひらや
比率,ひりつ
昼,ひる
比類,ひるい
昼顔,ひるがお
昼げ,ひるげ
昼時,ひるどき
昼寝,ひるね
昼日中,ひるひなか
昼間,ひるま
ひれ,ひれ
比例,ひれい
披歴,ひれき
拾い物,ひろいもの
広場,ひろば
広間,ひろま
秘話,ひわ
日割り,ひわり
品,ひん
品位,ひんい
品格,ひんかく
貧苦,ひんく
貧血,ひんけつ
品詞,ひんし
品質,ひんしつ
品性,ひんせい
貧打,ひんだ
頻度,ひんど
鼻音,びおん
美化,びか
美観,びかん
美学,びがく
美技,びぎ
微罪,びざい
微震,びしん
美声,びせい
鼻濁音,びだくおん
美談,びだん
備蓄,びちく
美点,びてん
美徳,びとく
美男,びなん
微熱,びねつ
備品,びひん
微分,びぶん
美名,びめい
媚薬,びやく
尾翼,びよく
びり,びり
美麗,びれい
びわ,びわ
便,びん
便箋,びんせん
便覧,べんらん
不意打ち,ふいうち
鞴,ふいご
笛,ふえ
不易,ふえき
笛吹き,ふえふき
付加,ふか
深井,ふかい
深入り,ふかいり
深追い,ふかおい
不可侵,ふかしん
不可知,ふかち
深手,ふかで
付記,ふき
付近,ふきん
府議,ふぎ
副,ふく
腹案,ふくあん
復位,ふくい
復員,ふくいん
服役,ふくえき
復学,ふくがく
複眼,ふくがん
復元,ふくげん
副詞,ふくし
複式,ふくしき
腹心,ふくしん
腹水,ふくすい
複製,ふくせい
伏線,ふくせん
副題,ふくだい
服毒,ふくどく
復配,ふくはい
福引き,ふくびき
腹部,ふくぶ
福袋,ふくぶくろ
複文,ふくぶん
伏兵,ふくへい
腹壁,ふくへき
副本,ふくほん
含み益,ふくみえき
含み損,ふくみそん
服務,ふくむ
覆面,ふくめん
服喪,ふくも
服薬,ふくやく
脹ら脛,ふくらはぎ
福利,ふくり
復路,ふくろ
河豚,ふぐ
雲脂,ふけ
婦警,ふけい
不敬罪,ふけいざい
府県,ふけん
付言,ふげん
布告,ふこく
房,ふさ
夫妻,ふさい
不作,ふさく
不在,ふざい
父子,ふし
節穴,ふしあな
節々,ふしぶし
伏し目,ふしめ
普請,ふしん
襖,ふすま
布施,ふせ
府政,ふせい
布石,ふせき
敷設,ふせつ
不戦,ふせん
風情,ふぜい
不全,ふぜん
父祖,ふそ
不足,ふそく
不遜,ふそん
付属,ふぞく
蓋,ふた
付帯,ふたい
不退転,ふたいてん
二親,ふたおや
付託,ふたく
双子,ふたご
二手,ふたて
二葉,ふたば
負担,ふたん
札,ふだ
不断,ふだん
普段着,ふだんぎ
淵,ふち
仏文,ふつぶん
不適,ふてき
筆,ふで
筆箱,ふでばこ
太藺,ふとい
懐,ふところ
懐手,ふところで
太股,ふともも
布団,ふとん
ふな,ふな
船足,ふなあし
舟歌,ふなうた
不仲,ふなか
船底,ふなぞこ
船旅,ふなたび
船賃,ふなちん
船出,ふなで
船乗り,ふなのり
船端,ふなばた
船便,ふなびん
船縁,ふなべり
船虫,ふなむし
船宿,ふなやど
船酔い,ふなよい
赴任,ふにん
槽,ふね
不燃,ふねん
布海苔,ふのり
腐敗,ふはい
不発,ふはつ
不買,ふばい
不払い,ふばらい
吹雪,ふぶき
不文律,ふぶんりつ
不平,ふへい
普遍,ふへん
父母,ふぼ
踏み石,ふみいし
踏み絵,ふみえ
踏切,ふみきり
踏み台,ふみだい
踏み場,ふみば
不眠,ふみん
譜面,ふめん
麓,ふもと
不問,ふもん
冬,ふゆ
冬型,ふゆがた
冬枯れ,ふゆがれ
冬場,ふゆば
冬物,ふゆもの
冬山,ふゆやま
付与,ふよ
腐乱,ふらん
孵卵器,ふらんき
振替,ふりかえ
振り仮名,ふりがな
振り子,ふりこ
振込,ふりこみ
振り駒,ふりごま
振り袖,ふりそで
振出,ふりだし
府立,ふりつ
振付,ふりつけ
古井,ふるい
古顔,ふるがお
古着,ふるぎ
古里,ふるさと
古巣,ふるす
古手,ふるて
隹,ふるとり
古本,ふるほん
触れ込み,ふれこみ
風呂,ふろ
付録,ふろく
風呂敷,ふろしき
不惑,ふわく
不渡り,ふわたり
糞,ふん
雰囲気,ふんいき
噴火,ふんか
憤慨,ふんがい
奮起,ふんき
踏ん切り,ふんぎり
憤激,ふんげき
粉砕,ふんさい
紛失,ふんしつ
分針,ふんしん
噴水,ふんすい
奮戦,ふんせん
分速,ふんそく
褌,ふんどし
憤怒,ふんぬ
奮励,ふんれい
歩合,ぶあい
無為,ぶい
部員,ぶいん
部下,ぶか
部会,ぶかい
部活,ぶかつ
舞楽,ぶがく
武器,ぶき
武具,ぶぐ
武家,ぶけ
武芸,ぶげい
部材,ぶざい
武士,ぶし
部室,ぶしつ
無勢,ぶぜい
部族,ぶぞく
豚,ぶた
舞台,ぶたい
豚肉,ぶたにく
斑,ぶち
物,ぶつ
物議,ぶつぎ
仏具,ぶつぐ
仏前,ぶつぜん
仏陀,ぶつだ
仏壇,ぶつだん
仏間,ぶつま
仏滅,ぶつめつ
仏門,ぶつもん
物理,ぶつり
山毛欅,ぶな
部品,ぶひん
部分,ぶぶん
部門,ぶもん
蚋,ぶよ
部落,ぶらく
鰤,ぶり
部類,ぶるい
分,ぶん
文案,ぶんあん
文意,ぶんい
分化,ぶんか
分解,ぶんかい
文科系,ぶんかけい
分割,ぶんかつ
分館,ぶんかん
文学,ぶんがく
文学部,ぶんがくぶ
分岐,ぶんき
文具,ぶんぐ
分家,ぶんけ
文系,ぶんけい
分権,ぶんけん
文芸,ぶんげい
文言,ぶんげん
文庫,ぶんこ
文語,ぶんご
文才,ぶんさい
分散,ぶんさん
分子,ぶんし
分室,ぶんしつ
分身,ぶんしん
分析,ぶんせき
文節,ぶんせつ
分隊,ぶんたい
分担,ぶんたん
分断,ぶんだん
文鎮,ぶんちん
分度器,ぶんどき
分野,ぶんや
分与,ぶんよ
文楽,ぶんらく
分離,ぶんり
分立,ぶんりつ
分類,ぶんるい
文例,ぶんれい
分裂,ぶんれつ
兵,へい
兵員,へいいん
兵役,へいえき
閉園,へいえん
平温,へいおん
平価,へいか
閉会,へいかい
閉館,へいかん
弊害,へいがい
併願,へいがん
併記,へいき
平均,へいきん
平家,へいけ
閉経,へいけい
平原,へいげん
閉鎖,へいさ
併催,へいさい
閉山,へいざん
兵士,へいし
併設,へいせつ
平生,へいぜい
平素,へいそ
閉塞,へいそく
兵卒,へいそつ
併存,へいそん
兵隊,へいたい
兵站,へいたん
平地,へいち
平定,へいてい
閉店,へいてん
併任,へいにん
平熱,へいねつ
平年,へいねん
併発,へいはつ
平伏,へいふく
閉幕,へいまく
平民,へいみん
平面,へいめん
閉門,へいもん
平野,へいや
平癒,へいゆ
並立,へいりつ
並列,へいれつ
辟易,へきえき
壁画,へきが
僻地,へきち
壁面,へきめん
舳先,へさき
臍,へそ
臍繰り,へそくり
蔕,へた
天糸瓜,へちま
反吐,へど
へどろ,へどろ
蛇,へび
へま,へま
部屋,へや
篦,へら
屁理屈,へりくつ
偏,へん
変圧器,へんあつき
変異,へんい
変化,へんか
変換,へんかん
返金,へんきん
変形,へんけい
偏見,へんけん
返済,へんさい
偏差値,へんさち
編纂,へんさん
偏在,へんざい
変質,へんしつ
変心,へんしん
編成,へんせい
変節,へんせつ
変遷,へんせん
変速,へんそく
変態,へんたい
辺地,へんち
変哲,へんてつ
変転,へんてん
片鱗,へんりん
返礼,へんれい
遍歴,へんれき
遍路,へんろ
米価,べいか
米軍,べいぐん
米穀,べいこく
米語,べいご
貝独楽,べいごま
米作,べいさく
米誌,べいし
米飯,べいはん
冪,べき
べそ,べそ
べた褒め,べたほめ
別院,べついん
別便,べつびん
別棟,べつむね
別名,べつめい
別物,べつもの
別離,べつり
別枠,べつわく
紅,べに
紅花,べにばな
遍羅,べら
べろ,べろ
便,べん
弁解,べんかい
勉学,べんがく
便器,べんき
便宜,べんぎ
弁護,べんご
弁護人,べんごにん
弁済,べんさい
便座,べんざ
弁士,べんし
弁舌,べんぜつ
勉励,べんれい
弁論,べんろん
ぺてん,ぺてん
保安,ほあん
保育,ほいく
捕逸,ほいつ
外,ほか
保革,ほかく
火影,ほかげ
保管,ほかん
保菌,ほきん
北緯,ほくい
北西,ほくせい
北端,ほくたん
北部,ほくぶ
ほくろ,ほくろ
補欠,ほけつ
保健,ほけん
捕鯨,ほげい
矛,ほこ
矛先,ほこさき
ほこら,ほこら
埃,ほこり
保護,ほご
保護司,ほごし
補佐,ほさ
穂先,ほさき
星影,ほしかげ
干し柿,ほしがき
干し草,ほしくさ
星空,ほしぞら
保湿,ほしつ
星取,ほしとり
干し物,ほしもの
保身,ほしん
補正,ほせい
保線,ほせん
保税,ほぜい
保全,ほぜん
歩測,ほそく
細引き,ほそびき
細身,ほそみ
細道,ほそみち
細目,ほそめ
臍,ほぞ
保存,ほぞん
帆立,ほたて
蛍,ほたる
発願,ほつがん
補填,ほてん
仏,ほとけ
仏様,ほとけさま
ほとぼり,ほとぼり
ほとり,ほとり
程,ほど
程合,ほどあい
骨,ほね
骨折り,ほねおり
骨組み,ほねぐみ
骨付き,ほねつき
骨抜き,ほねぬき
骨身,ほねみ
骨休め,ほねやすめ
歩幅,ほはば
帆柱,ほばしら
保父,ほふ
歩兵,ほへい
保母,ほぼ
帆前船,ほまえせん
誉れ,ほまれ
法螺貝,ほらがい
法螺吹き,ほらふき
堀,ほり
彫り師,ほりし
堀端,ほりばた
彫り物,ほりもの
掘り割り,ほりわり
保冷,ほれい
幌,ほろ
ほろ酔い,ほろよい
ほろりと,ほろりと
本,ほん
翻案,ほんあん
翻意,ほんい
本院,ほんいん
本格,ほんかく
本館,ほんかん
本願,ほんがん
本曇り,ほんぐもり
本家,ほんけ
本件,ほんけん
本国,ほんごく
本腰,ほんごし
本山,ほんざん
本旨,ほんし
本式,ほんしき
本質,ほんしつ
本心,ほんしん
本籍,ほんせき
本線,ほんせん
本尊,ほんぞん
本体,ほんたい
本題,ほんだい
本棚,ほんだな
本店,ほんてん
本殿,ほんでん
本土,ほんど
本人,ほんにん
本音,ほんね
本年,ほんねん
本屋,ほんや
翻訳,ほんやく
本欄,ほんらん
本塁,ほんるい
本論,ほんろん
母音,ぼいん
簿価,ぼか
母艦,ぼかん
簿記,ぼき
募金,ぼきん
僕,ぼく
墨画,ぼくが
牧師,ぼくし
牧畜,ぼくちく
撲滅,ぼくめつ
惚,ぼけ
母系,ぼけい
墓穴,ぼけつ
母国,ぼこく
菩薩,ぼさつ
墓参,ぼさん
母子,ぼし
母性,ぼせい
母船,ぼせん
墓前,ぼぜん
母体,ぼたい
牡丹餅,ぼたもち
牡丹,ぼたん
墓地,ぼち
没,ぼつ
没後,ぼつご
没年,ぼつねん
没落,ぼつらく
墓碑,ぼひ
ぼろ,ぼろ
盆,ぼん
盆踊り,ぼんおどり
盆栽,ぼんさい
凡退,ぼんたい
凡打,ぼんだ
盆地,ぼんち
間合い,まあい
米,まい
毎朝,まいあさ
毎回,まいかい
舞子,まいこ
迷子,まいご
邁進,まいしん
埋設,まいせつ
舞茸,まいたけ
毎月,まいつき
毎年,まいとし
毎度,まいど
毎日,まいにち
毎晩,まいばん
舞姫,まいひめ
毎分,まいふん
埋没,まいぼつ
毎夜,まいよ
前,まえ
前足,まえあし
前祝い,まえいわい
前売り,まえうり
前置き,まえおき
前屈み,まえかがみ
前掛け,まえかけ
前書き,まえがき
前髪,まえがみ
前借り,まえがり
前倒し,まえだおし
前歯,まえば
前払い,まえばらい
前触れ,まえぶれ
前々,まえまえ
前褌,まえみつ
前渡し,まえわたし
紛,まがい
擬い物,まがいもの
真顔,まがお
間借り,まがり
牧,まき
巻き網,まきあみ
蒔絵,まきえ
巻き貝,まきがい
巻き紙,まきがみ
巻き添え,まきぞえ
巻き鬚,まきひげ
巻き物,まきもの
間際,まぎわ
幕,まく
幕あい,まくあい
幕開き,まくあき
幕開け,まくあけ
幕切れ,まくぎれ
幕下,まくした
枕,まくら
枕木,まくらぎ
枕元,まくらもと
まぐさ,まぐさ
間口,まぐち
まぐれ,まぐれ
鮪,まぐろ
負けん気,まけんき
髷,まげ
孫,まご
真鯉,まごい
真心,まごころ
孫娘,まごむすめ
鉞,まさかり
摩擦,まさつ
正目,まさめ
正夢,まさゆめ
桝,ます
麻酔,ますい
升目,ますめ
股,また
又貸し,またがし
又聞き,またぎき
また裂き,またさき
真鯛,まだい
斑,まだら
麻垂れ,まだれ
町,まち
街角,まちかど
町並み,まちなみ
待ち針,まちばり
待ち伏せ,まちぶせ
末,まつ
松笠,まつかさ
松風,まつかぜ
まつ毛,まつげ
松茸,まつたけ
末代,まつだい
松原,まつばら
末尾,まつび
松虫,まつむし
松脂,まつやに
祭,まつり
末路,まつろ
的,まと
窓,まど
窓際,まどぎわ
窓口,まどぐち
窓越し,まどごし
間取り,まどり
真魚板,まないた
目差し,まなざし
真夏日,まなつび
愛弟子,まなでし
愛娘,まなむすめ
間延び,まのび
瞬き,まばたき
麻痺,まひ
真冬日,まふゆび
目蓋,まぶた
幻,まぼろし
飯事,ままごと
継母,ままはは
真向かい,まむかい
まむし,まむし
豆,まめ
摩滅,まめつ
豆蒔き,まめまき
魔物,まもの
守り神,まもりがみ
まやかし,まやかし
麻薬,まやく
眉,まゆ
眉毛,まゆげ
魔除け,まよけ
鞠,まり
毬藻,まりも
丸,まる
丸洗い,まるあらい
丸顔,まるがお
丸抱え,まるがかえ
丸形,まるがた
丸刈り,まるがり
丸木,まるき
丸損,まるぞん
丸太,まるた
丸出し,まるだし
丸飲み,まるのみ
丸裸,まるはだか
丸見え,まるみえ
丸焼き,まるやき
丸焼け,まるやけ
真綿,まわた
周り,まわり
満,まん
満員,まんいん
満悦,まんえつ
蔓延,まんえん
満開,まんかい
漫画,まんが
満額,まんがく
満願,まんがん
満期,まんき
満喫,まんきつ
満月,まんげつ
満載,まんさい
漫才,まんざい
満室,まんしつ
慢心,まんしん
慢性,まんせい
満席,まんせき
満足,まんぞく
曼荼羅,まんだら
漫談,まんだん
満天,まんてん
真ん中,まんなか
万力,まんりき
満塁,まんるい
実入り,みいり
身動き,みうごき
身内,みうち
身売り,みうり
見栄,みえ
見納め,みおさめ
見劣り,みおとり
見覚え,みおぼえ
身重,みおも
未開,みかい
味覚,みかく
見掛,みかけ
御影石,みかげいし
味方,みかた
帝,みかど
未完,みかん
身柄,みがら
身代わり,みがわり
幹,みき
見聞き,みきき
右,みぎ
右腕,みぎうで
右下,みぎした
右手,みぎて
右左,みぎひだり
右回り,みぎまわり
右横,みぎよこ
右四つ,みぎよつ
右寄り,みぎより
身包み,みぐるみ
未決,みけつ
三毛猫,みけねこ
未見,みけん
巫女,みこ
神輿,みこし
詔,みことのり
未婚,みこん
身拵え,みごしらえ
見応え,みごたえ
見頃,みごろ
見境,みさかい
岬,みさき
御簾,みす
未遂,みすい
店,みせ
見せ掛,みせかけ
店構え,みせがまえ
店先,みせさき
見せしめ,みせしめ
見せ所,みせどころ
見せ場,みせば
店番,みせばん
店開き,みせびらき
見世物,みせもの
店屋,みせや
身銭,みぜに
未然,みぜん
味噌,みそ
味噌汁,みそしる
溝,みぞ
霙,みぞれ
見た目,みため
見出し,みだし
見出し語,みだしご
道,みち
満ち欠け,みちかけ
道草,みちくさ
満ち潮,みちしお
道のり,みちのり
道端,みちばた
満ち干,みちひ
蜜,みつ
蜜月,みつげつ
密談,みつだん
密度,みつど
三つ巴,みつどもえ
三つ葉,みつば
密売,みつばい
蜜蜂,みつばち
三つ股,みつまた
見積,みつもり
密約,みつやく
密輸,みつゆ
密林,みつりん
見て呉れ,みてくれ
味読,みどく
見所,みどころ
緑,みどり
緑色,みどりいろ
緑児,みどりご
身投げ,みなげ
皆様,みなさま
皆さん,みなさん
みなし児,みなしご
港,みなと
南,みなみ
源,みなもと
見習,みならい
身なり,みなり
峰,みね
蓑,みの
身の丈,みのたけ
身の程,みのほど
蓑虫,みのむし
稔,みのり
未払い,みはらい
見栄え,みばえ
身振り,みぶり
身震い,みぶるい
身分,みぶん
見本,みほん
見本市,みほんいち
見舞,みまい
未満,みまん
耳,みみ
耳打ち,みみうち
耳朶,みみたぶ
耳鳴り,みみなり
耳元,みみもと
未明,みめい
身元,みもと
見物,みもの
未聞,みもん
宮,みや
土産,みやげ
土産物,みやげもの
都,みやこ
宮様,みやさま
宮参り,みやまいり
御代,みよ
身寄り,みより
未来,みらい
味醂,みりん
未練,みれん
民,みん
民意,みんい
民営,みんえい
民家,みんか
民間,みんかん
民具,みんぐ
民芸,みんげい
民心,みんしん
民政,みんせい
民選,みんせん
民俗,みんぞく
民話,みんわ
無医村,むいそん
零余子,むかご
昔,むかし
百足,むかで
無冠,むかん
無我,むが
無期,むき
剥き身,むきみ
無菌,むきん
麦,むぎ
麦畑,むぎばたけ
麦踏み,むぎふみ
麦笛,むぎぶえ
麦飯,むぎめし
麦藁,むぎわら
尨毛,むくげ
椋鳥,むくどり
浮腫,むくみ
骸,むくろ
無形,むけい
無血,むけつ
婿,むこ
無言,むごん
霧散,むさん
無罪,むざい
無視,むし
虫籠,むしかご
虫食い,むしくい
虫けら,むしけら
虫歯,むしば
虫干し,むしぼし
蒸し焼き,むしやき
無心,むしん
無神論,むしんろん
息子,むすこ
結び目,むすびめ
娘,むすめ
娘婿,むすめむこ
無声,むせい
無線,むせん
無税,むぜい
無断,むだん
鞭,むち
鞭打ち,むちうち
睦月,むつき
霧笛,むてき
無届け,むとどけ
棟木,むなぎ
胸倉,むなぐら
胸騒ぎ,むなさわぎ
胸鰭,むなびれ
胸元,むなもと
無二,むに
旨,むね
棟上げ,むねあげ
胸焼け,むねやけ
棟割り,むねわり
無配,むはい
無比,むひ
郁子,むべ
夢魔,むま
無味,むみ
無名,むめい
むら,むら
群雲,むらくも
紫,むらさき
村雨,むらさめ
村里,むらざと
村人,むらびと
無理,むり
無理押し,むりおし
目当て,めあて
名,めい
名案,めいあん
名医,めいい
命運,めいうん
名演,めいえん
名家,めいか
名画,めいが
銘柄,めいがら
明記,めいき
名義,めいぎ
名義人,めいぎにん
名句,めいく
名君,めいくん
名月,めいげつ
明言,めいげん
明細,めいさい
名作,めいさく
名刹,めいさつ
名産,めいさん
名山,めいざん
名刺,めいし
迷信,めいしん
名水,めいすい
名声,めいせい
命題,めいだい
酩酊,めいてい
名店,めいてん
冥土,めいど
命日,めいにち
名馬,めいば
名品,めいひん
冥福,めいふく
名物,めいぶつ
名分,めいぶん
名簿,めいぼ
名木,めいぼく
命名,めいめい
明滅,めいめつ
名目,めいもく
名門,めいもん
名文句,めいもんく
名訳,めいやく
命令,めいれい
迷路,めいろ
迷惑,めいわく
目上,めうえ
目移り,めうつり
目隠し,めかくし
目方,めかた
目頭,めがしら
眼鏡,めがね
女神,めがみ
目配せ,めくばせ
目配り,めくばり
目薬,めぐすり
巡,めぐり
目先,めさき
目刺し,めざし
飯,めし
目下,めした
飯櫃,めしびつ
雌蘂,めしべ
雌,めす
目線,めせん
目高,めだか
目玉,めだま
滅,めつ
目付き,めつき
目処,めど
目の前,めのまえ
目鼻,めはな
雌花,めばな
目張り,めばり
目減り,めべり
目星,めぼし
目眩,めまい
目元,めもと
目盛り,めもり
目安,めやす
目脂,めやに
めり張り,めりはり
免,めん
免疫,めんえき
綿花,めんか
面会,めんかい
面子,めんこ
免罪,めんざい
綿糸,めんし
面識,めんしき
免責,めんせき
面接,めんせつ
免税,めんぜい
面前,めんぜん
明太子,めんたいこ
面談,めんだん
面子,めんつ
雌鶏,めんどり
麺類,めんるい
萌葱色,もえぎいろ
模擬,もぎ
目撃,もくげき
目算,もくさん
木材,もくざい
黙視,もくし
木質,もくしつ
木星,もくせい
目前,もくぜん
目測,もくそく
木炭,もくたん
目的,もくてき
黙読,もくどく
黙認,もくにん
木版,もくはん
木馬,もくば
黙秘,もくひ
木片,もくへん
木目,もくめ
目礼,もくれい
木蓮,もくれん
目録,もくろく
目論見,もくろみ
土竜,もぐら
模型,もけい
猛者,もさ
模索,もさく
模試,もし
餅,もち
持ち家,もちいえ
持ち株,もちかぶ
持ち切り,もちきり
餅米,もちごめ
持ち点,もちてん
持ち逃げ,もちにげ
持ち主,もちぬし
持ち場,もちば
持ち前,もちまえ
持ち物,もちもの
持て成し,もてなし
元,もと
元栓,もとせん
元手,もとで
本成り,もとなり
元値,もとね
物,もの
物言い,ものいい
物書き,ものかき
物陰,ものかげ
物語,ものがたり
物乞い,ものごい
物腰,ものごし
物事,ものごと
物差し,ものさし
物知り,ものしり
物取,ものとり
物干し,ものほし
物真似,ものまね
物見,ものみ
物持ち,ものもち
物貰い,ものもらい
物別れ,ものわかれ
物忘れ,ものわすれ
物笑い,ものわらい
模範,もはん
喪服,もふく
樅,もみ
籾殻,もみがら
揉め事,もめごと
木綿,もめん
桃,もも
桃色,ももいろ
百種,ももくさ
股引き,ももひき
もや,もや
萌やし,もやし
最寄り,もより
森,もり
盛り蕎麦,もりそば
盛り土,もりつち
諸,もろ
もろこし,もろこし
双差し,もろざし
諸手,もろて
諸刃,もろは
諸肌,もろはだ
諸々,もろもろ
紋,もん
門衛,もんえい
門下,もんか
門外,もんがい
門構え,もんがまえ
文句,もんく
門限,もんげん
門戸,もんこ
門歯,もんし
問診,もんしん
門前,もんぜん
問題,もんだい
紋付き,もんつき
門弟,もんてい
門徒,もんと
文無し,もんなし
矢板,やいた
八重,やえ
野営,やえい
八重歯,やえば
矢面,やおもて
八百屋,やおや
夜会,やかい
屋形,やかた
屋形船,やかたぶね
夜間,やかん
野外,やがい
夜学,やがく
焼き芋,やきいも
焼き入れ,やきいれ
焼き討ち,やきうち
焼き魚,やきざかな
焼き蕎麦,やきそば
焼き鳥,やきとり
焼き肉,やきにく
焼き畑,やきばた
焼き増し,やきまし
焼き餅,やきもち
焼き物,やきもの
冶金,やきん
山羊,やぎ
役,やく
役員,やくいん
薬害,やくがい
薬学,やくがく
役柄,やくがら
訳語,やくご
薬剤,やくざい
訳詞,やくし
薬膳,やくぜん
約束,やくそく
薬袋,やくたい
薬代,やくだい
厄年,やくどし
役人,やくにん
厄払い,やくはらい
役場,やくば
薬品,やくひん
厄日,やくび
薬物,やくぶつ
約分,やくぶん
役回り,やくまわり
薬味,やくみ
役目,やくめ
厄除,やくよけ
役割,やくわり
夜具,やぐ
矢倉,やぐら
矢車,やぐるま
焼け跡,やけあと
夜景,やけい
火傷,やけど
野犬,やけん
やご,やご
野菜,やさい
家探し,やさがし
矢先,やさき
椰子,やし
屋敷,やしき
社,やしろ
野心,やしん
安寝,やすい
安値,やすね
安物,やすもの
野生,やせい
痩我慢,やせがまん
やせぎす,やせぎす
野戦,やせん
屋台,やたい
家賃,やちん
奴,やつ
八手,やつで
雇い主,やといぬし
宿,やど
宿借り,やどかり
宿賃,やどちん
宿無し,やどなし
宿主,やどぬし
宿屋,やどや
宿り木,やどりぎ
柳,やなぎ
やに,やに
家主,やぬし
屋根,やね
矢羽,やばね
藪,やぶ
流鏑馬,やぶさめ
藪蛇,やぶへび
夜分,やぶん
山,やま
山あい,やまあい
山嵐,やまあらし
山歩き,やまあるき
病,やまい
病垂れ,やまいだれ
山芋,やまいも
山姥,やまうば
山奥,やまおく
山男,やまおとこ
山颪,やまおろし
山勘,やまかん
山際,やまぎわ
山国,やまぐに
山越え,やまごえ
山小屋,やまごや
山桜,やまざくら
山里,やまざと
山師,やまし
山裾,やますそ
山手,やまて
山寺,やまでら
山鳥,やまどり
山並み,やまなみ
山鳴り,やまなり
山猫,やまねこ
山の手,やまのて
山登り,やまのぼり
山肌,やまはだ
山場,やまば
山彦,やまびこ
山開き,やまびらき
山吹,やまぶき
山伏,やまぶし
山鉾,やまぼこ
山道,やまみち
山盛り,やまもり
山焼き,やまやき
山分け,やまわけ
闇,やみ
闇市,やみいち
闇討ち,やみうち
病み付き,やみつき
闇夜,やみよ
寡婦,やもめ
守宮,やもり
ややこ,ややこ
揶揄,やゆ
弥生,やよい
夜来,やらい
槍,やり
やりがい,やりがい
遣り口,やりくち
遣り繰り,やりくり
槍玉,やりだま
遺り手,やりて
遣り取り,やりとり
槍投げ,やりなげ
遣り場,やりば
湯上がり,ゆあがり
油圧,ゆあつ
湯浴み,ゆあみ
遺言,ゆいごん
故,ゆえ
輸液,ゆえき
油煙,ゆえん
床,ゆか
床板,ゆかいた
床下,ゆかした
浴衣,ゆかた
所縁,ゆかり
油画,ゆが
歪,ゆがみ
雪,ゆき
雪折れ,ゆきおれ
雪掻き,ゆきかき
行き来,ゆきき
雪靴,ゆきぐつ
雪国,ゆきぐに
雪雲,ゆきぐも
雪煙,ゆきけむり
雪質,ゆきしつ
雪空,ゆきぞら
雪達磨,ゆきだるま
雪解け,ゆきどけ
行き場,ゆきば
雪見,ゆきみ
雪道,ゆきみち
雪焼け,ゆきやけ
雪山,ゆきやま
雪除け,ゆきよけ
行方,ゆくえ
行く末,ゆくすえ
行く手,ゆくて
行く年,ゆくとし
輸血,ゆけつ
湯気,ゆげ
油彩,ゆさい
遊山,ゆさん
湯冷まし,ゆざまし
湯冷め,ゆざめ
油脂,ゆし
油井,ゆせい
油断,ゆだん
茹で卵,ゆでたまご
油田,ゆでん
ゆとり,ゆとり
湯飲み,ゆのみ
指,ゆび
指折り,ゆびおり
指切り,ゆびきり
指先,ゆびさき
指貫き,ゆびぬき
指輪,ゆびわ
湯船,ゆぶね
油分,ゆぶん
弓,ゆみ
弓なり,ゆみなり
弓矢,ゆみや
夢,ゆめ
由来,ゆらい
百合,ゆり
揺り籠,ゆりかご
湯沸かし,ゆわかし
夜明かし,よあかし
宵,よい
宵闇,よいやみ
余韻,よいん
予科,よか
夜風,よかぜ
予感,よかん
予期,よき
預金,よきん
余技,よぎ
夜霧,よぎり
欲,よく
翌朝,よくあさ
抑圧,よくあつ
翌月,よくげつ
翼賛,よくさん
抑止,よくし
浴室,よくしつ
抑制,よくせい
欲得,よくとく
翌年,よくねん
翌晩,よくばん
欲目,よくめ
予見,よけん
予言,よげん
横,よこ
横合い,よこあい
横穴,よこあな
横糸,よこいと
横画,よこかく
横風,よこかぜ
横顔,よこがお
横書き,よこがき
予告,よこく
横車,よこぐるま
横滑り,よこすべり
横倒し,よこだおし
横手,よこて
横取り,よこどり
横殴り,よこなぐり
横波,よこなみ
横幅,よこはば
横這い,よこばい
横笛,よこぶえ
横道,よこみち
横向き,よこむき
横目,よこめ
横槍,よこやり
横揺れ,よこゆれ
夜毎,よごと
夜寒,よさむ
予算,よさん
余罪,よざい
由,よし
善し悪し,よしあし
誼み,よしみ
予審,よしん
四隅,よすみ
寄席,よせ
余勢,よせい
寄せ書き,よせがき
寄せ手,よせて
予選,よせん
余所,よそ
余所行き,よそいき
予測,よそく
余所事,よそごと
余所見,よそみ
余所目,よそめ
余所者,よそもの
夜空,よぞら
預託,よたく
与奪,よだつ
涎,よだれ
予断,よだん
予知,よち
四つ角,よつかど
世継ぎ,よつぎ
夜露,よつゆ
予定,よてい
淀,よど
世直し,よなおし
夜中,よなか
夜長,よなが
夜泣き,よなき
夜なべ,よなべ
夜逃げ,よにげ
余熱,よねつ
余年,よねん
世の中,よのなか
余波,よは
余白,よはく
呼ばわり,よばわり
予備,よび
呼び子,よびこ
呼び声,よびごえ
呼び名,よびな
呼び物,よびもの
呼び鈴,よびりん
夜更かし,よふかし
夜更け,よふけ
夜回り,よまわり
読売,よみうり
読み書き,よみかき
読み仮名,よみがな
夜店,よみせ
夜道,よみち
読みで,よみで
読み物,よみもの
夜目,よめ
余命,よめい
嫁入り,よめいり
蓬,よもぎ
予約,よやく
寄合,よりあい
拠り所,よりどころ
寄り道,よりみち
夜,よる
寄る辺,よるべ
鎧,よろい
鎧戸,よろいど
余録,よろく
齢,よわい
世渡り,よわたり
弱音,よわね
弱火,よわび
弱含み,よわふくみ
弱虫,よわむし
来,らい
雷雨,らいう
雷雲,らいうん
来園,らいえん
来夏,らいか
来会,らいかい
来館,らいかん
来期,らいき
来月,らいげつ
礼賛,らいさん
来信,らいしん
来世,らいせ
来店,らいてん
来年,らいねん
来賓,らいひん
雷鳴,らいめい
来歴,らいれき
羅漢,らかん
裸眼,らがん
烙印,らくいん
楽園,らくえん
落伍,らくご
落差,らくさ
落札,らくさつ
落成,らくせい
落石,らくせき
落選,らくせん
落胆,らくたん
駱駝,らくだ
落第,らくだい
楽天,らくてん
楽土,らくど
落馬,らくば
落盤,らくばん
楽焼き,らくやき
落雷,らくらい
羅氈,らせん
裸体,らたい
拉致,らち
螺鈿,らでん
裸婦,らふ
羅列,られつ
乱,らん
乱雲,らんうん
乱獲,らんかく
卵管,らんかん
蘭学,らんがく
卵形,らんけい
乱視,らんし
乱心,らんしん
乱世,らんせい
乱戦,らんせん
乱訴,らんそ
乱打,らんだ
乱読,らんどく
乱立,らんりつ
利上げ,りあげ
利益,りえき
離縁,りえん
理化,りか
理解,りかい
理化学,りかがく
罹患,りかん
利害,りがい
理学,りがく
理学部,りがくぶ
利器,りき
力泳,りきえい
力学,りきがく
力作,りきさく
力士,りきし
力説,りきせつ
力戦,りきせん
力点,りきてん
陸,りく
陸揚げ,りくあげ
陸尉,りくい
陸軍,りくぐん
陸地,りくち
理屈,りくつ
理系,りけい
利権,りけん
利己,りこ
離婚,りこん
罹災,りさい
利下げ,りさげ
離散,りさん
理財,りざい
利鞘,りざや
利子,りし
利水,りすい
理性,りせい
利息,りそく
離脱,りだつ
理知,りち
律,りつ
立案,りつあん
利付,りつき
立論,りつろん
利点,りてん
利得,りとく
離任,りにん
理念,りねん
理髪,りはつ
利幅,りはば
離反,りはん
利払い,りばらい
理非,りひ
離別,りべつ
利回り,りまわり
裏面,りめん
離陸,りりく
利率,りりつ
履歴,りれき
理路,りろ
理論,りろん
林,りん
隣家,りんか
臨海,りんかい
輪郭,りんかく
林間,りんかん
臨機,りんき
稟議,りんぎ
臨月,りんげつ
林檎,りんご
隣国,りんごく
輪作,りんさく
隣室,りんしつ
臨席,りんせき
隣接,りんせつ
臨戦,りんせん
隣村,りんそん
輪転機,りんてんき
輪読,りんどく
輪廻,りんね
林野,りんや
倫理,りんり
林立,りんりつ
塁,るい
類義語,るいぎご
累計,るいけい
類語,るいご
累進,るいしん
類推,るいすい
累積,るいせき
涙腺,るいせん
塁壁,るいへき
類別,るいべつ
類例,るいれい
流刑,るけい
流罪,るざい
留守,るす
留守居,るすい
留守番,るすばん
坩堝,るつぼ
流転,るてん
流布,るふ
殳,るまた
瑠璃,るり
礼,れい
霊園,れいえん
冷夏,れいか
例解,れいかい
霊感,れいかん
例外,れいがい
冷気,れいき
礼金,れいきん
礼儀,れいぎ
麗句,れいく
霊魂,れいこん
例祭,れいさい
冷水,れいすい
冷戦,れいせん
霊前,れいぜん
令息,れいそく
例題,れいだい
例年,れいねん
礼拝,れいはい
冷媒,れいばい
礼服,れいふく
例文,れいぶん
例話,れいわ
歴,れき
歴史,れきし
歴戦,れきせん
歴代,れきだい
歴任,れきにん
列,れつ
連,れん
恋愛,れんあい
恋歌,れんか
連関,れんかん
煉瓦,れんが
連記,れんき
連句,れんく
連係,れんけい
連結,れんけつ
蓮華,れんげ
連呼,れんこ
蓮根,れんこん
連語,れんご
連鎖,れんさ
連載,れんさい
連作,れんさく
連座,れんざ
連山,れんざん
連戦,れんせん
連続,れんぞく
連帯,れんたい
連体詞,れんたいし
練達,れんたつ
連打,れんだ
連夜,れんや
連絡,れんらく
連立,れんりつ
露営,ろえい
ろ過,ろか
路肩,ろかた
禄,ろく
録音,ろくおん
録画,ろくが
肋木,ろくぼく
肋膜,ろくまく
轆轤,ろくろ
露見,ろけん
ろ紙,ろし
炉心,ろしん
路線,ろせん
路側帯,ろそくたい
露呈,ろてい
露天,ろてん
驢馬,ろば
炉端,ろばた
路盤,ろばん
路面,ろめん
論,ろん
論議,ろんぎ
論告,ろんこく
論旨,ろんし
論説,ろんせつ
論戦,ろんせん
論壇,ろんだん
論点,ろんてん
論難,ろんなん
論理,ろんり
賄賂,わいろ
和音,わおん
和歌,わか
和解,わかい
若木,わかぎ
若草,わかくさ
若気,わかげ
若手,わかて
若菜,わかな
若葉,わかば
若芽,わかめ
若者,わかもの
別れ際,わかれぎわ
分かれ目,わかれめ
和漢,わかん
和学,わがく
我が国,わがくに
和菓子,わがし
我が輩,わがはい
我が身,わがみ
我が家,わがや
脇,わき
脇差し,わきざし
脇腹,わきばら
脇見,わきみ
脇道,わきみち
脇目,わきめ
脇役,わきやく
和議,わぎ
輪切り,わぎり
枠,わく
枠組み,わくぐみ
訳,わけ
分け前,わけまえ
分け目,わけめ
話芸,わげい
和語,わご
和裁,わさい
技,わざ
技比べ,わざくらべ
災い,わざわい
わし,わし
和式,わしき
和室,わしつ
忘れ物,わすれもの
早稲,わせ
和製,わせい
和船,わせん
綿,わた
綿入れ,わたいれ
綿雲,わたぐも
綿毛,わたげ
渡し場,わたしば
綿雪,わたゆき
渡り鳥,わたりどり
話題,わだい
轍,わだち
わて,わて
罠,わな
輪投げ,わなげ
表記,読み方
台湾,たいわん
香港,ほんこん
モンゴル,もんごる
タイ,たい
マレーシア,まれーしあ
パキスタン,ぱきすたん
ネパール,ねぱーる
スリランカ,すりらんか
ブータン,ぶーたん
モルディブ,もるでぃぶ
イラン,いらん
イラク,いらく
カタール,かたーる
クウェート,くうぇーと
バーレーン,ばーれーん
オマーン,おまーん
イエメン,いえめん
シリア,しりあ
ヨルダン,よるだん
レバノン,ればのん
パレスチナ,ぱれすちな
キプロス,きぷろす
ジョージア,じょーじあ
アルメニア,あるめにあ
キルギス,きるぎす
ベラルーシ,べらるーし
チェコ,ちぇこ
スロバキア,すろばきあ
ルーマニア,るーまにあ
ブルガリア,ぶるがりあ
セルビア,せるびあ
クロアチア,くろあちあ
スロベニア,すろべにあ
アルバニア,あるばにあ
スイス,すいす
デンマーク,でんまーく
エストニア,えすとにあ
ラトビア,らとびあ
リトアニア,りとあにあ
マルタ,まるた
アンドラ,あんどら
モナコ,もなこ
サンマリノ,さんまりの
バチカン,ばちかん
キューバ,きゅーば
ジャマイカ,じゃまいか
ハイチ,はいち
グアテマラ,ぐあてまら
ニカラグア,にからぐあ
コスタリカ,こすたりか
パナマ,ぱなま
コロンビア,ころんびあ
ベネズエラ,べねずえら
ガイアナ,がいあな
スリナム,すりなむ
エクアドル,えくあどる
ペルー,ぺるー
ボリビア,ぼりびあ
チリ,ちり
パラグアイ,ぱらぐあい
ウルグアイ,うるぐあい
リビア,りびあ
チュニジア,ちゅにじあ
モロッコ,もろっこ
スーダン,すーだん
エチオピア,えちおぴあ
ソマリア,そまりあ
ケニア,けにあ
ウガンダ,うがんだ
タンザニア,たんざにあ
ルワンダ,るわんだ
ブルンジ,ぶるんじ
ガボン,がぼん
カメルーン,かめるーん
ベナン,べなん
トーゴ,とーご
ガーナ,がーな
リベリア,りべりあ
ギニア,ぎにあ
セネガル,せねがる
ガンビア,がんびあ
マリ,まり
ニジェール,にじぇーる
チャド,ちゃど
アンゴラ,あんごら
ザンビア,ざんびあ
ジンバブエ,じんばぶえ
マラウイ,まらうい
ボツワナ,ぼつわな
ナミビア,なみびあ
レソト,れそと
セーシェル,せーしぇる
コモロ,こもろ
フィジー,ふぃじー
バヌアツ,ばぬあつ
サモア,さもあ
トンガ,とんが
キリバス,きりばす
ツバル,つばる
ナウル,なうる
パラオ,ぱらお
シカゴ,しかご
ベルリン,べるりん
マドリード,まどりーど
ローマ,ろーま
モスクワ,もすくわ
北京,ぺきん
上海,しゃんはい
ソウル,そうる
神戸,こうべ
仙台,せんだい
那覇,なは
鎌倉,かまくら
ジャカルタ,じゃかるた
カイロ,かいろ
シドニー,しどにー
トロント,とろんと
サンパウロ,さんぱうろ
ラゴス,らごす
ムンバイ,むんばい
カラチ,からち
ダッカ,だっか
テヘラン,てへらん
バグダッド,ばぐだっど
リヤド,りやど
アテネ,あてね
ウィーン,うぃーん
プラハ,ぷらは
ブダペスト,ぶだぺすと
ワルシャワ,わるしゃわ
キーウ,きーう
ヘルシンキ,へるしんき
オスロ,おすろ
ダブリン,だぶりん
リスボン,りすぼん
ジュネーブ,じゅねーぶ
台北,たいぺい
ソフィア,そふぃあ
ブカレスト,ぶかれすと
ザグレブ,ざぐれぶ
マニラ,まにら
ハノイ,はのい
プノンペン,ぷのんぺん
ヤンゴン,やんごん
カトマンズ,かとまんず
エルサレム,えるされむ
アンマン,あんまん
ベイルート,べいるーと
ダマスカス,だますかす
ドーハ,どーは
アブダビ,あぶだび
キャンベラ,きゃんべら
オタワ,おたわ
ブラジリア,ぶらじりあ
リマ,りま
カラカス,からかす
ボゴタ,ぼごた
キト,きと
ラパス,らぱす
ハバナ,はばな
サンフアン,さんふあん
マナグア,まなぐあ
サンホセ,さんほせ
アルジェ,あるじぇ
トリポリ,とりぽり
ラバト,らばと
ハルツーム,はるつーむ
ナイロビ,ないろび
キンシャサ,きんしゃさ
アクラ,あくら
アブジャ,あぶじゃ
プレトリア,ぷれとりあ
ルサカ,るさか
ハラレ,はられ
四角形,しかくけい
五角形,ごかっけい
円柱,えんちゅう
球体,きゅうたい
関数,かんすう
確率,かくりつ
統計,とうけい
行列,ぎょうれつ
集合,しゅうごう
整数,せいすう
分数,ぶんすう
小数,しょうすう
幾何学,きかがく
ベクトル,べくとる
座標,ざひょう
面積,めんせき
体積,たいせき
直径,ちょっけい
円周,えんしゅう
角度,かくど
平行,へいこう
垂直,すいちょく
相似,そうじ
合同,ごうどう
数列,すうれつ
極限,きょくげん
ヘリウム,へりうむ
リチウム,りちうむ
窒素,ちっそ
フッ素,ふっそ
ナトリウム,なとりうむ
ケイ素,けいそ
リン,りん
硫黄,いおう
カリウム,かりうむ
カルシウム,かるしうむ
銅,どう
金,きん
ヨウ素,ようそ
原子,げんし
イオン,いおん
化合物,かごうぶつ
酸,さん
アルカリ,あるかり
中和,ちゅうわ
酸化,さんか
還元,かんげん
燃焼,ねんしょう
融解,ゆうかい
凝固,ぎょうこ
蒸発,じょうはつ
昇華,しょうか
沸騰,ふっとう
質量,しつりょう
圧力,あつりょく
エネルギー,えねるぎー
熱量,ねつりょう
電流,でんりゅう
抵抗,ていこう
磁力,じりょく
呼吸,こきゅう
細胞,さいぼう
バクテリア,ばくてりあ
ウイルス,ういるす
植物,しょくぶつ
鳥類,ちょうるい
魚類,ぎょるい
昆虫,こんちゅう
地層,ちそう
地震,じしん
前線,ぜんせん
台風,たいふう
オーロラ,おーろら
恒星,こうせい
ビッグバン,びっぐばん
憲法,けんぽう
法律,ほうりつ
内閣,ないかく
選挙,せんきょ
政党,せいとう
外交,がいこう
条約,じょうやく
貿易,ぼうえき
需要,じゅよう
生産,せいさん
消費,しょうひ
投資,とうし
貯蓄,ちょちく
保険,ほけん
失業,しつぎょう
貧困,ひんこん
福祉,ふくし
報道,ほうどう
メディア,めでぃあ
文化財,ぶんかざい
人権,じんけん
平等,びょうどう
紛争,ふんそう
難民,なんみん
テニス,てにす
体操,たいそう
柔道,じゅうどう
剣道,けんどう
相撲,すもう
ボクシング,ぼくしんぐ
ラグビー,らぐびー
卓球,たっきゅう
レスリング,れすりんぐ
カヌー,かぬー
セーリング,せーりんぐ
サーフィン,さーふぃん
カーリング,かーりんぐ
マラソン,まらそん
競艇,きょうてい
ダーツ,だーつ
ビリヤード,びりやーど
ボウリング,ぼうりんぐ
スパイク,すぱいく
ラケット,らけっと
ゴール,ごーる
ネット,ねっと
マット,まっと
リング,りんぐ
グローブ,ぐろーぶ
バット,ばっと
スキー板,すきーいた
パック,ぱっく
シャトル,しゃとる
道着,どうぎ
防具,ぼうぐ
サドル,さどる
ヘルメット,へるめっと
ゴーグル,ごーぐる
露,つゆ
蜃気楼,しんきろう
日食,にっしょく
月食,げっしょく
満潮,まんちょう
干潮,かんちょう
季節風,きせつふう
黄砂,こうさ
弁護士,べんごし
建築家,けんちくか
漁師,りょうし
科学者,かがくしゃ
エンジニア,えんじにあ
デザイナー,でざいなー
公務員,こうむいん
政治家,せいじか
パイロット,ぱいろっと
翻訳家,ほんやくか
通訳,つうやく
カメラマン,かめらまん
モデル,もでる
秘書,ひしょ
保育士,ほいくし
介護士,かいごし
薬剤師,やくざいし
学者,がくしゃ
書記官,しょきかん
医療,いりょう
教育,きょういく
喜び,よろこび
悲しみ,かなしみ
驚き,おどろき
絶望,ぜつぼう
不満,ふまん
関心,かんしん
嫉妬,しっと
恥,はじ
緊張,きんちょう
興奮,こうふん
後悔,こうかい
感謝,かんしゃ
寂しさ,さびしさ
共感,きょうかん
同情,どうじょう
憧れ,あこがれ
諦め,あきらめ
ストレス,すとれす
やる気,やるき
時代,じだい
瞬間,しゅんかん
世紀,せいき
期間,きかん
日程,にってい
当時,とうじ
先日,せんじつ
後日,ごじつ
来週,らいしゅう
日中,にっちゅう
夕暮れ,ゆうぐれ
真夜中,まよなか
空間,くうかん
領域,りょういき
範囲,はんい
次元,じげん
距離,きょり
方角,ほうがく
上下,じょうげ
左右,さゆう
周辺,しゅうへん
近辺,きんぺん
遠方,えんぽう
頂点,ちょうてん
中心,ちゅうしん
端,はし
隅,すみ
表面,ひょうめん
断面,だんめん
水平,すいへい
傾斜,けいしゃ
法則,ほうそく
現実,げんじつ
理想,りそう
真実,しんじつ
美意識,びいしき
価値観,かちかん
道徳,どうとく
神話,しんわ
偶然,ぐうぜん
常識,じょうしき
伝統,でんとう
習慣,しゅうかん
秩序,ちつじょ
権力,けんりょく
影響,えいきょう
発展,はってん
進歩,しんぽ
統合,とうごう
評価,ひょうか
機会,きかい
課題,かだい
目標,もくひょう
戦略,せんりゃく
戦術,せんじゅつ
効率,こうりつ
効果,こうか
成果,せいか
費用,ひよう
コスト,こすと
リスク,りすく
リターン,りたーん
競争,きょうそう
交渉,こうしょう
合意,ごうい
調和,ちょうわ
アプリ,あぷり
データ,でーた
ファイル,ふぁいる
フォルダ,ふぉるだ
パスワード,ぱすわーど
アカウント,あかうんと
ユーザー,ゆーざー
サーバー,さーばー
クラウド,くらうど
AI,えーあい
ブログ,ぶろぐ
バージョン,ばーじょん
コード,こーど
OS,おーえす
メモリ,めもり
ストレージ,すとれーじ
キーボード,きーぼーど
マウス,まうす
スキャナー,すきゃなー
モデム,もでむ
Wi-Fi,わいふぁい
ブラウザ,ぶらうざ
ハッカー,はっかー
クラッカー,くらっかー
暗号化,あんごうか
リカバリー,りかばりー
ドメイン,どめいん
ヨーグルト,よーぐると
豆腐,とうふ
漬物,つけもの
乾物,かんぶつ
缶詰,かんづめ
ハーブ,はーぶ
スパイス,すぱいす
パン粉,ぱんこ
ゼラチン,ぜらちん
コンソメ,こんそめ
ブイヨン,ぶいよん
ケチャップ,けちゃっぷ
マヨネーズ,まよねーず
ソース,そーす
ジャム,じゃむ
マーガリン,まーがりん
シロップ,しろっぷ
食パン,しょくぱん
菓子パン,かしぱん
ベーグル,べーぐる
マフィン,まふぃん
スコーン,すこーん
せんべい,せんべい
おかき,おかき
あられ,あられ
饅頭,まんじゅう
大福,だいふく
どら焼き,どらやき
羊羹,ようかん
カステラ,かすてら
プリン,ぷりん
ゼリー,ぜりー
ムース,むーす
ババロア,ばばろあ
エクレア,えくれあ
タルト,たると
パイ,ぱい
モンブラン,もんぶらん
かき氷,かきごおり
豆乳,とうにゅう
ココア,ここあ
梅酒,うめしゅ
カクテル,かくてる
ブランデー,ぶらんでー
ラム酒,らむしゅ
ジン,じん
ウォッカ,うぉっか
テキーラ,てきーら
リキュール,りきゅーる
ワンピース,わんぴーす
ジャケット,じゃけっと
セーター,せーたー
ブラウス,ぶらうす
パーカー,ぱーかー
トレーナー,とれーなー
ベスト,べすと
ポロシャツ,ぽろしゃつ
ジーンズ,じーんず
チノパン,ちのぱん
スラックス,すらっくす
レギンス,れぎんす
タイツ,たいつ
パジャマ,ぱじゃま
水着,みずぎ
甚平,じんべい
作業着,さぎょうぎ
制服,せいふく
スーツ,すーつ
ドレス,どれす
タキシード,たきしーど
コート,こーと
ポンチョ,ぽんちょ
スニーカー,すにーかー
パンプス,ぱんぷす
サンダル,さんだる
ブーツ,ぶーつ
ローファー,ろーふぁー
マフラー,まふらー
スカーフ,すかーふ
ショール,しょーる
ネクタイ,ねくたい
ベルト,べると
サングラス,さんぐらす
ブローチ,ぶろーち
コサージュ,こさーじゅ
ヘアバンド,へあばんど
シュシュ,しゅしゅ
ヘアピン,へあぴん
バレッタ,ばれった
ピアス,ぴあす
バッグ,ばっぐ
エコバッグ,えこばっぐ
ポーチ,ぽーち
ハンカチ,はんかち
タオル,たおる
バスタオル,ばすたおる
おしぼり,おしぼり
バイク,ばいく
スクーター,すくーたー
バス,ばす
トラック,とらっく
タクシー,たくしー
ヨット,よっと
クルーザー,くるーざー
フェリー,ふぇりー
タンカー,たんかー
気球,ききゅう
飛行船,ひこうせん
モノレール,ものれーる
馬車,ばしゃ
そり,そり
セグウェイ,せぐうぇい
ドローン,どろーん
マーカー,まーかー
パレット,ぱれっと
硯,すずり
画用紙,がようし
模造紙,もぞうし
バインダー,ばいんだー
定規,じょうぎ
ハサミ,はさみ
のり,のり
ガムテープ,がむてーぷ
ホッチキス,ほっちきす
パンチ,ぱんち
クリップ,くりっぷ
画鋲,がびょう
輪ゴム,わゴム
朱肉,しゅにく
スタンプ,すたんぷ
辞書,じしょ
事典,じてん
地図帳,ちずちょう
地球儀,ちきゅうぎ
チョーク,ちょーく
ペン立て,ぺんたて
名刺入れ,めいしいれ
手帳,てちょう
付箋,ふせん
CD,しーでぃー
バイオリン,ばいおりん
ビオラ,びおら
チェロ,ちぇろ
ハープ,はーぷ
フルート,ふるーと
ピッコロ,ぴっころ
オーボエ,おーぼえ
ファゴット,ふぁごっと
サックス,さっくす
ホルン,ほるん
チューバ,ちゅーば
ドラム,どらむ
シンバル,しんばる
ティンパニ,てぃんぱに
木琴,もっきん
鉄琴,てっきん
マリンバ,まりんば
タンバリン,たんばりん
ギロ,ぎろ
マラカス,まらかす
ボンゴ,ぼんご
コンガ,こんが
ジャンベ,じゃんべ
カホン,かほん
リコーダー,りこーだー
ハーモニカ,はーもにか
オルガン,おるがん
三味線,しゃみせん
琴,こと
尺八,しゃくはち
琵琶,びわ
太鼓,たいこ
和太鼓,わだいこ
鼓,つづみ
篠笛,しのぶえ
ウクレレ,うくれれ
マンドリン,まんどりん
バンジョー,ばんじょー
シタール,したーる
バグパイプ,ばぐぱいぷ
科学館,かがくかん
劇場,げきじょう
スタジアム,すたじあむ
アリーナ,ありーな
武道館,ぶどうかん
遊園地,ゆうえんち
プール,ぷーる
灯台,とうだい
空港,くうこう
駅ビル,えきびる
道の駅,みちのえき
市役所,しやくしょ
区役所,くやくしょ
町役場,まちやくば
村役場,むらやくば
県庁,けんちょう
都庁,とちょう
府庁,ふちょう
道庁,どうちょう
税務署,ぜいむしょ
交番,こうばん
保健所,ほけんじょ
児童館,じどうかん
保育園,ほいくえん
幼稚園,ようちえん
塾,じゅく
予備校,よびこう
工場,こうじょう
倉庫,そうこ
デパート,でぱーと
書店,しょてん
パン屋,ぱんや
ケーキ屋,けーきや
魚屋,さかなや
米屋,こめや
理髪店,りはつてん
美容院,びよういん
銭湯,せんとう
サウナ,さうな
レストラン,れすとらん
喫茶店,きっさてん
バー,ばー
ホテル,ほてる
旅館,りょかん
民宿,みんしゅく
ペンション,ぺんしょん
寺院,じいん
教会,きょうかい
モスク,もすく
遺跡,いせき
タワー,たわー
トンネル,とんねる
ダム,だむ
農園,のうえん
牧場,ぼくじょう
漁港,ぎょこう
別荘,べっそう
アパート,あぱーと
マンション,まんしょん
一戸建て,いっこだて
社宅,しゃたく
寮,りょう
カタカナ国名,よみかた
カナダ,カナダ
メキシコ,メキシコ
ブラジル,ブラジル
イギリス,イギリス
フランス,フランス
ドイツ,ドイツ
イタリア,イタリア
スペイン,スペイン
ポルトガル,ポルトガル
オランダ,オランダ
ベルギー,ベルギー
スイス,スイス
ノルウェー,ノルウェー
デンマーク,デンマーク
ポーランド,ポーランド
チェコ,チェコ
ハンガリー,ハンガリー
ギリシャ,ギリシャ
ロシア,ロシア
ウクライナ,ウクライナ
ルーマニア,ルーマニア
セルビア,セルビア
クロアチア,クロアチア
ブルガリア,ブルガリア
スロバキア,スロバキア
スロベニア,スロベニア
日本,にほん
中国,ちゅうごく
韓国,かんこく
インド,いんど
ベトナム,べとなむ
フィリピン,ふぃりぴん
イスラエル,いすらえる
トルコ,とるこ
エジプト,えじぷと
アオザイ,あおざい
青紫蘇,あおじそ
赤ワイン,あかわいん
アカシア,あかしあ
アカデミー,あかでみー
赤字,あかじ
赤トンボ,あかとんぼ
アクリル,あくりる
上げ底,あげぞこ
揚巻,あげまき
アケビ,あけび
あざ,あざ
アジ,あじ
アジア,あじあ
足,あし
アシカ,あしか
明日,あした
味,あじ
アジト,あじと
アジフライ,あじふらい
アセロラ,あせろら
麻,あさ
浅葱,あさつき
朝ご飯,あさごはん
アサリ,あさり
アザレア,あざれあ
アザミ,あざみ
アジェンダ,あじぇんだ
アジリティ,あじりてぃ
アジュガ,あじゅが
アスベスト,あすべすと
アセトン,あせとん
アダプター,あだぷたー
あたりめ,あたりめ
アナグラム,あなぐらむ
アナグマ,あなぐま
アナログ,あなろぐ
アナリスト,あなりすと
アニス,あにす
アニメ,あにめ
アネモネ,あねもね
アノマリー,あのまりー
アパレル,あぱれる
アヒル,あひる
アヒージョ,あひーじょ
アブ,あぶ
アフリカ,あふりか
アフロ,あふろ
アボカド,あぼかど
アマゾン,あまぞん
アマリリス,あまりりす
飴,あめ
アメリカ,あめりか
アメジスト,あめじすと
アメフト,あめふと
アメーバ,あめーば
アメダス,あめだす
アヤメ,あやめ
アラーム,あらーむ
アラビア語,あらびあご
アライグマ,あらいぐま
アレルギー,あれるぎー
アロエ,あろえ
アロマ,あろま
アロワナ,あろわな
アワビ,あわび
粟,あわ
アンケート,あんけーと
アンコール,あんこーる
あんこ,あんこ
暗算,あんざん
アンテナ,あんなてな
あんパン,あんぱん
あんみつ,あんみつ
アンモニア,あんもにあ
杏,あんず
家,いえ
イエス,いえす
イカ,いか
イギリス,いぎりす
生き甲斐,いきがい
息,いき
石,いし
意思,いし
石鹸,せっけん
泉,いずみ
異性,いせい
伊勢丹,いせたん
イタリア,いたりあ
イタチ,いたち
苺,いちご
一位,いちい
一時間,いちじかん
イチジク,いちじく
犬,いぬ
イノシシ,いのしし
鼾,いびき
居間,いま
イヤリング,いやりんぐ
イルカ,いるか
イワシ,いわし
インク,いんく
インコ,いんこ
インサイド,いんさいど
インサート,いんさーと
インナー,いんなー
インフラ,いんふら
インポート,いんぽーと
ウィスキー,ういすきー
ウィルス,ういるす
ウィンドウ,うぃんどう
ウィンナー,うぃんなー
魚,うお
牛,うし
渦潮,うずしお
うちわ,うちわ
ウツボ,うつぼ
裏,うら
ウラン,うらん
売場,うりば
ウール,うーる
上,うえ
運動,うんどう
営業,えいぎょう
衛星,えいせい
栄養,えいよう
エチケット,えちけっと
エプロン,えぷろん
エメラルド,えめらるど
鉛筆,えんぴつ
お預け,おあずけ
甥,おい
オイル,おいる
お祝い,おいわい
応援,おうえん
王様,おうさま
王子,おうじ
往診,おうしん
応答,おうとう
応募,おうぼ
お辞儀,おじぎ
お爺さん,おじいさん
お洒落,おしゃれ
お喋り,おしゃべり
お城,おしろ
お寿司,おすし
お世辞,おせじ
お煎餅,おせんべい
お祖父さん,おじいさん
お祖母さん,おばあさん
お互い,おたがい
お手洗い,おてあらい
お寺,おてら
お土産,おみやげ
お襁褓,おむつ
お化け,おばけ
お婆さん,おばあさん
お引越し,おひっこし
お風呂,おふろ
オペラ,おぺら
お祭り,おまつり
お見合い,おみあい
玩具,おもちゃ
お湯,おゆ
お詫び,おわび
オウム,おうむ
オートバイ,おーとばい
オーブン,おーぶん
オール,おーる
オランダ,おらんだ
オリーブ,おりーぶ
オレンジ,おれんじ
温度計,おんどけい
カード,かーど
カーテン,かーてん
カーペット,かーぺっと
貝,かい
会社,かいしゃ
階段,かいだん
買物,かいもの
海流,かいりゅう
科学,かがく
柿,かき
牡蠣,かき
額,がく
学校,がっこう
学割,がくわり
家事,かじ
歌手,かしゅ
風邪,かぜ
肩,かた
カタログ,かたろぐ
カッター,かったー
カップ,かっぷ
カツ丼,かつどん
カツレツ,かつれつ
カニ,かに
カボチャ,かぼちゃ
カマキリ,かまきり
カメラ,かめら
カメレオン,かめれおん
カモ,かも
カモメ,かもめ
火曜日,かようび
カラオケ,からおけ
カラス,からす
カレー,かれー
カレンダー,かれんだー
皮,かわ
カワウソ,かわうそ
缶,かん
観光,かんこう
乾杯,かんぱい
看板,かんばん
看護師,かんごし
患者,かんじゃ
感情,かんじょう
肝臓,かんぞう
乾燥,かんそう
カンニング,かんにんぐ
ガソリン,がそりん
ギター,ぎたー
キッチン,きっちん
切手,きって
昨日,きのう
キノコ,きのこ
キャラメル,きゃらめる
キャンプ,きゃんぷ
今日,きょう
教室,きょうしつ
金魚,きんぎょ
禁煙,きんえん
金曜日,きんようび
銀行,ぎんこう
空気,くうき
雲,くも
クリスマス,くりすます
警官,けいかん
消しゴム,けしごむ
月曜日,げつようび
結婚,けっこん
玄関,げんかん
元気,げんき
公園,こうえん
紅茶,こうちゃ
交通,こうつう
コーヒー,こーひー
氷,こおり
国際,こくさい
胡椒,こしょう
答え,こたえ
コップ,こっぷ
ご飯,ごはん
コピー,こぴー
ごみ,ごみ
ゴルフ,ごるふ
コンサート,こんさーと
コンビニ,こんびに
サイ,さい
サッカー,さっかー
雑誌,ざっし
砂糖,さとう
サラダ,さらだ
散歩,さんぽ
四季,しき
磁石,じしゃく
静けさ,しずけさ
舌,した
自転車,じてんしゃ
自動車,じどうしゃ
死,し
新聞,しんぶん
ジャガイモ,じゃがいも
写真,しゃしん
シャツ,しゃつ
シャンプー,しゃんぷー
住所,じゅうしょ
絨毯,じゅうたん
宿題,しゅくだい
手術,しゅじゅつ
趣味,しゅみ
準備,じゅんび
紹介,しょうかい
小説,しょうせつ
醤油,しょうゆ
食事,しょくじ
食器,しょっき
ショック,しょっく
白,しろ
信号,しんごう
人工,じんこう
神社,じんじゃ
心配,しんぱい
スイッチ,すいっち
水道,すいどう
水曜日,すいようび
スカート,すかーと
スキー,すきー
数字,すうじ
スープ,すーぷ
スプーン,すぷーん
スポーツ,すぽーつ
ズボン,ずぼん
スリッパ,すりっぱ
成功,せいこう
政治,せいじ
成長,せいちょう
セミ,せみ
ゼロ,ぜろ
先生,せんせい
戦争,せんそう
象,ぞう
掃除,そうじ
相談,そうだん
蕎麦,そば
太陽,たいよう
竹,たけ
ダンス,だんす
チーズ,ちーず
地球,ちきゅう
地図,ちず
父,ちち
手,て
天気,てんき
電気,でんき
電車,でんしゃ
テント,てんと
ドア,どあ
トイレ,といれ
道具,どうぐ
トマト,とまと
虎,とら
鳥,とり
ナイフ,ないふ
納豆,なっとう
日曜日,にちようび
日本語,にほんご
人形,にんぎょう
鼠,ねずみ
ネックレス,ねっくれす
ノート,のーと
歯,は
パーティー,ぱーてぃー
俳優,はいゆう
歯医者,はいしゃ
バター,ばたー
鼻,はな
バナナ,ばなな
ハム,はむ
パン,ぱん
ピアノ,ぴあの
ビール,びーる
東,ひがし
飛行機,ひこうき
羊,ひつじ
ビデオ,びでお
火,ひ
病院,びょういん
病気,びょうき
昼ご飯,ひるごはん
瓶,びん
封筒,ふうとう
フォーク,ふぉーく
服,ふく
葡萄,ぶどう
船,ふね
ブラジル,ぶらじる
フランス,ふらんす
プレゼント,ぷれぜんと
文化,ぶんか
ページ,ぺーじ
下手,へた
ベッド,べっど
ペン,ぺん
勉強,べんきょう
帽子,ぼうし
ボート,ぼーと
ボールペン,ぼーるぺん
ポスト,ぽすと
ボタン,ぼたん
毎週,まいしゅう
蜜柑,みかん
水,みず
ミルク,みるく
虫,むし
村,むら
メートル,めーとる
メロン,めろん
免許,めんきょ
木曜日,もくようび
文字,もじ
野球,やきゅう
休み,やすみ
夕方,ゆうがた
夕食,ゆうしょく
有名,ゆうめい
洋服,ようふく
ヨーロッパ,よーろっぱ
ライオン,らいおん
ラジオ,らじお
卵,らん
理科,りか
練習,れんしゅう
廊下,ろうか
老人,ろうじん
蝋燭,ろうそく
ローマ字,ろーまじ
六月,ろくがつ
ロケット,ろけっと
ワイン,わいん
理由,りゆう
輪ゴム,わごむ
鰐,わに
笑い,わらい
悪口,わるくち
愛,あい
愛情,あいじょう
アイデア,あいであ
アルコール,あるこーる
アルバム,あるばむ
安全,あんぜん
胃,い
委員,いいん
怒り,いかり
医者,いしゃ
妹,いもうと
入口,いりぐち
渦,うず
絵,え
駅,えき
王,おう
怒る,おこる
泳ぎ,およぎ
終わり,おわり
数,かず
紙,かみ
空,から
ガラス,がらす
考え,かんがえ
感じ,かんじ
木,き
機械,きかい
危険,きけん
記事,きじ
技術,ぎじゅつ
傷,きず
切符,きっぷ
希望,きぼう
客,きゃく
休日,きゅうじつ
興味,きょうみ
恐怖,きょうふ
許可,きょか
霧,きり
グラス,ぐらす
クラブ,くらぶ
芸術,げいじゅつ
刑事,けいじ
結果,けっか
現金,げんきん
健康,けんこう
現象,げんしょう
現状,げんじょう
広告,こうこく
攻撃,こうげき
貢献,こうけん
構成,こうせい
構造,こうぞう
行動,こうどう
幸福,こうふく
項目,こうもく
国境,こっきょう
腰,こし
個人,こじん
これ,これ
サイン,さいん
最後,さいご
才能,さいのう
材料,ざいりょう
作業,さぎょう
叫び,さけび
作家,さっか
産業,さんぎょう
賛成,さんせい
サンプル,さんぷる
詩,し
幸せ,しあわせ
システム,しすてむ
思想,しそう
失敗,しっぱい
指導,しどう
事務所,じむしょ
社会,しゃかい
社長,しゃちょう
週間,しゅうかん
収穫,しゅうかく
集団,しゅうだん
住民,じゅうみん
自由,じゆう
主人,しゅじん
種類,しゅるい
賞,しょう
障害,しょうがい
状態,じょうたい
商品,しょうひん
情報,じょうほう
証明,しょうめい
勝利,しょうり
職員,しょくいん
女性,じょせい
処理,しょり
書類,しょるい
知らせ,しらせ
深刻,しんこく
人口,じんこう
人生,じんせい
親切,しんせつ
身体,しんたい
親友,しんゆう
水準,すいじゅん
好き,すき
スクリーン,すくりーん
少し,すこし
スタート,すたーと
スタイル,すたいる
全て,すべて
スマート,すまーと
図,ず
請求,せいきゅう
青春,せいしゅん
製品,せいひん
生命,せいめい
設計,せっけい
ぜひ,ぜひ
線,せん
全員,ぜんいん
選手,せんしゅ
選択,せんたく
全部,ぜんぶ
専門,せんもん
草,そう
装置,そうち
操作,そうさ
想像,そうぞう
それ,それ
田,た
大気,たいき
対策,たいさく
対象,たいしょう
大臣,だいじん
体制,たいせい
代表,だいひょう
試し,ためし
単位,たんい
担当,たんとう
男性,だんせい
血,ち
チーム,ちーむ
注目,ちゅうもく
中止,ちゅうし
駐車,ちゅうしゃ
調査,ちょうさ
調子,ちょうし
挑戦,ちょうせん
貯金,ちょきん
直接,ちょくせつ
治療,ちりょう
通路,つうろ
デザイン,でざいん
手続き,てつづき
塔,とう
戸,と
党,とう
動画,どうが
同様,どうよう
道路,どうろ
都市,とし
努力,どりょく
ドル,どる
波,なみ
人気,にんき
農家,のうか
農業,のうぎょう
能力,のうりょく
残り,のこり
場所,ばしょ
働き,はたらき
発見,はっけん
販売,はんばい
反応,はんのう
久しぶり,ひさしぶり
빚,びぜん
借金,しゃっきん
秘密,ひみつ
微妙,びみょう
表現,ひょうげん
ビル,びる
不安,ふあん
ファン,ふぁん
夫婦,ふうふ
風景,ふうけい
服装,ふくそう
複数,ふくすう
物質,ぶっしつ
プラン,ぷらん
ブランド,ぶらんど
ブレーキ,ぶれーき
プロ,ぷろ
文章,ぶんしょう
平和,へいわ
方向,ほうこう
報告,ほうこく
宝石,ほうせき
放送,ほうそう
豊富,ほうふ
方法,ほうほう
訪問,ほうもん
保証,ほしょう
ほとんど,ほとんど
本来,ほんらい
本当,ほんとう
マーク,まーく
間違い,まちがい
祭り,まつり
味,み
皆,みな
魅力,みりょく
民衆,みんしゅう
胸,むね
無料,むりょう
イメージ,いめーじ
目,め
メッセージ,めっせーじ
メンバー,めんばー
勇気,ゆうき
友情,ゆうじょう
余裕,よゆう
率,りつ
留学,りゅうがく
流行,りゅうこう
量,りょう
料金,りょうきん
料理,りょうり
両親,りょうしん
旅行,りょこう
臨時,りんじ
例,れい
列車,れっしゃ
レベル,れべる
労働,ろうどう
ワクチン,わくちん
割合,わりあい
悪,わる
